LncRNA name,No. of Transcript variants (lncRNAs),NCBI Reference ID,QGRS total no. of PQS,QGRS no. of 2G PQS,QGRS no. of 3G PQS,QGRS no. of 4G PQS,G4 0.9 total no. of PQS,G4 0.9 no. of 2G PQS,G4 0.9 no. of 3G PQS,G4 0.9 no. of 4G PQS,G4 1.4 total no. of PQS,G4 1.4 no. of 2G PQS,G4 1.4 no. of 3G PQS,G4 1.4 no. of 4G PQS
ABHD11-AS1,1,NR_026690.1,8,8,0,0,5,5,0,0,0,0,0,0
ADAMTS9-AS2,1,NR_038264.1,12,11,1,0,6,6,0,0,2,2,0,0
ADPGK-AS1,1,NR_040107.1,24,22,2,0,7,7,0,0,5,5,0,0
AFAP1-AS1,1,NR_026892.1,37,36,1,0,5,4,1,0,0,0,0,0
AGAP2-AS1,1,NR_027032.1,16,12,4,0,7,5,2,0,4,2,2,0
"ANCR
",3,NR_024031.2,6,5,1,0,4,3,1,0,1,1,0,0
"ANCR
",3,NR_145129.1,7,6,1,0,3,2,1,0,0,0,0,0
"ANCR
",3,NR_145130.1,7,6,1,0,3,2,1,0,0,0,0,0
"ANRIL
",14,NR_003529.3,21,21,0,0,1,1,0,0,0,0,0,0
"ANRIL
",14,NR_047532.1,16,16,0,0,1,1,0,0,0,0,0,0
"ANRIL
",14,NR_047543.1,10,10,0,0,0,0,0,0,0,0,0,0
"ANRIL
",14,NR_047534.1,10,10,0,0,1,1,0,0,0,0,0,0
"ANRIL
",14,NR_047535.1,9,9,0,0,0,0,0,0,0,0,0,0
"ANRIL
",14,NR_047536.1,7,7,0,0,0,0,0,0,0,0,0,0
"ANRIL
",14,NR_047537.1,9,9,0,0,0,0,0,0,0,0,0,0
"ANRIL
",14,NR_047538.1,7,7,0,0,0,0,0,0,0,0,0,0
"ANRIL
",14,NR_047539.1,17,17,0,0,0,0,0,0,0,0,0,0
"ANRIL
",14,NR_047540.1,10,10,0,0,0,0,0,0,0,0,0,0
"ANRIL
",14,NR_047541.1,10,10,0,0,0,0,0,0,0,0,0,0
"ANRIL
",14,NR_047542.1,8,8,0,0,0,0,0,0,0,0,0,0
"ANRIL
",14,NR_047533.1,6,6,0,0,0,0,0,0,0,0,0,0
"ANRIL
",14,NR_120536.1,6,6,0,0,0,0,0,0,0,0,0,0
"AWPPH
",8,NR_015395.2,23,23,0,0,6,6,0,0,0,0,0,0
"AWPPH
",8,NR_024373.2,5,5,0,0,4,4,0,0,0,0,0,0
"AWPPH
",8,NR_136161.1,10,10,0,0,5,5,0,0,0,0,0,0
"AWPPH
",8,NR_136162.1,24,24,0,0,6,6,0,0,0,0,0,0
"AWPPH
",8,NR_136163.1,15,15,0,0,5,5,0,0,0,0,0,0
"AWPPH
",8,NR_136164.1,10,10,0,0,4,4,0,0,0,0,0,0
"AWPPH
",8,NR_136165.1,8,8,0,0,4,4,0,0,0,0,0,0
"AWPPH
",8,NR_136166.1,21,21,0,0,6,6,0,0,0,0,0,0
B3GALT5-AS1,2,NR_026542.1,16,15,1,0,8,7,1,0,0,0,0,0
B3GALT5-AS1,2,NR_026543.1,11,11,0,0,3,3,0,0,0,0,0,0
B4GALT1-AS1,3,NR_108108.1,6,6,0,0,2,2,0,0,0,0,0,0
B4GALT1-AS1,3,NR_108109.1,5,5,0,0,3,3,0,0,0,0,0,0
B4GALT1-AS1,3,NR_108110.1,4,4,0,0,2,2,0,0,0,0,0,0
"BA318C17.1
",3,NR_072988.2,6,6,0,0,2,2,0,0,2,2,0,0
"BA318C17.1
",3,NR_037841.3,3,3,0,0,3,3,0,0,2,2,0,0
"BA318C17.1
",3,NR_110318.1,1,1,0,0,2,2,0,0,2,2,0,0
BACE1-AS,1,NR_037803.2,7,6,1,0,0,0,0,0,1,1,0,0
BANCR,1,NR_047671.2,4,4,0,0,0,0,0,0,0,0,0,0
BBOX1-AS1,3,NR_125766.1,4,4,0,0,0,0,0,0,0,0,0,0
BBOX1-AS1,3,NR_125767.1,2,2,0,0,0,0,0,0,0,0,0,0
BBOX1-AS1,3,NR_125768.1,1,1,0,0,0,0,0,0,0,0,0,0
"BC200
",1,NR_001568.1,2,2,0,0,2,2,0,0,0,0,0,0
BCAR4,5,NR_024049.1,5,5,0,0,1,1,0,0,0,0,0,0
BCAR4,5,NR_024050.1,2,2,0,0,0,0,0,0,0,0,0,0
BCAR4,5,NR_131216.1,1,1,0,0,0,0,0,0,0,0,0,0
BCAR4,5,NR_131217.1,2,2,0,0,0,0,0,0,0,0,0,0
BCAR4,5,NR_131222.1,2,2,0,0,0,0,0,0,0,0,0,0
BDNF-AS,5,NR_033313.1,3,3,0,0,0,0,0,0,0,0,0,0
BDNF-AS,5,NR_033315.1,5,5,0,0,0,0,0,0,0,0,0,0
BDNF-AS,5,NR_033312.1,7,7,0,0,2,2,0,0,0,0,0,0
BDNF-AS,5,NR_033314.1,8,7,1,0,3,2,1,0,0,0,0,0
BDNF-AS,5,NR_002832.2,10,9,1,0,5,4,1,0,0,0,0,0
BLACAT1,1,NR_103783.1,21,21,0,0,7,7,0,0,3,3,0,0
"BLACAT2
",1,NR_038904.1,10,10,0,0,2,2,0,0,0,0,0,0
"C20orf200
",1,NR_033263.1,41,32,9,0,29,25,4,0,12,9,3,0
CA3-AS1,4,NR_121630.1,6,6,0,0,1,1,0,0,0,0,0,0
CA3-AS1,4,NR_121631.1,6,6,0,0,2,2,0,0,0,0,0,0
CA3-AS1,4,NR_121632.1,6,6,0,0,1,1,0,0,0,0,0,0
CA3-AS1,4,NR_121633.1,2,2,0,0,0,0,0,0,0,0,0,0
CACNA1G-AS1,1,NR_038439.1,15,15,0,0,8,8,0,0,0,0,0,0
"CACS15
",1,NR_015410.2,18,18,0,0,7,7,0,0,0,0,0,0
CAHM,1,NR_037593.1,9,5,4,0,7,5,2,0,7,5,2,0
"CALIC
",1,NR_046242.1,5,4,1,0,3,3,0,0,0,0,0,0
CASC11,2,NR_117101.1,3,3,0,0,0,0,0,0,0,0,0,0
CASC11,2,NR_117102.1,3,3,0,0,0,0,0,0,0,0,0,0
CASC19,1,NR_120364.1,2,2,0,0,0,0,0,0,0,0,0,0
CASC2,3,NR_026939.1,17,15,2,0,9,8,1,0,4,4,0,0
CASC2,3,NR_026940.1,17,15,2,0,9,8,1,0,4,4,0,0
CASC2,3,NR_026941.1,9,7,2,0,8,7,1,0,1,1,0,0
CASC21,1,NR_117099.1,3,3,0,0,0,0,0,0,0,0,0,0
CASC9,3,NR_103848.1,5,5,0,0,0,0,0,0,0,0,0,0
CASC9,3,NR_103850.2,4,4,0,0,0,0,0,0,0,0,0,0
CASC9,3,NR_103849.2,4,4,0,0,0,0,0,0,0,0,0,0
CCAT1,1,NR_108049.1,9,9,0,0,1,1,0,0,0,0,0,0
CCAT2,1,NR_109834.1,6,6,0,0,2,2,0,0,0,0,0,0
"CCAT7
",1,NR_109939.1,7,7,0,0,5,5,0,0,1,1,0,0
"CCHE1
",1,NR_131782.1,17,17,0,0,7,7,0,0,0,0,0,0
CPS1-IT1,1,NR_002763.2,7,7,0,0,1,1,0,0,0,0,0,0
CRNDE,5,NR_034105.4,5,5,0,0,0,0,0,0,0,0,0,0
CRNDE,5,NR_034106.3,9,7,2,0,2,0,2,0,1,0,1,0
CRNDE,5,NR_110453.2,5,5,0,0,0,0,0,0,0,0,0,0
CRNDE,5,NR_110454.2,9,7,2,0,2,0,2,0,1,0,1,0
CRNDE,5,NR_170995.1,9,7,2,0,2,0,2,0,1,0,1,0
"CTA-941F9.9
",1,NR_131244.1,3,3,0,0,1,1,0,0,0,0,0,0
CYTOR,5,NR_024204.2,4,4,0,0,1,1,0,0,0,0,0,0
CYTOR,5,NR_024205.3,6,6,0,0,3,3,0,0,0,0,0,0
CYTOR,5,NR_024206.2,4,4,0,0,1,1,0,0,0,0,0,0
CYTOR,5,NR_146460.1,4,4,0,0,0,0,0,0,0,0,0,0
CYTOR,5,NR_146461.1,3,3,0,0,1,1,0,0,0,0,0,0
DDX11-AS1,1,NR_038927.2,11,10,1,0,4,4,0,0,0,0,0,0
DGCR5,5,NR_002733.2,32,29,3,0,17,16,1,0,6,6,0,0
DGCR5,5,NR_045121.1,32,29,3,0,17,16,1,0,6,6,0,0
DGCR5,5,NR_110533.1,11,11,0,0,5,5,0,0,0,0,0,0
DGCR5,5,NR_026651.1,7,5,2,0,2,1,1,0,2,0,2,0
DGCR5,5,NR_024159.1,28,25,3,0,17,16,1,0,3,3,0,0
DLEU1,3,NR_109973.1,10,10,0,0,2,2,0,0,1,1,0,0
DLEU1,3,NR_002605.2,9,9,0,0,2,2,0,0,1,1,0,0
DLEU1,3,NR_109974.1,8,8,0,0,2,2,0,0,0,0,0,0
DLEU7-AS1,1,NR_046551.1,7,7,0,0,0,0,0,0,0,0,0,0
DLX6-AS1,1,NR_015448.1,9,9,0,0,4,4,0,0,0,0,0,0
DPP10-AS1,1,NR_036580.1,7,6,1,0,3,3,0,0,1,1,0,0
DSCAM-AS1,4,NR_038896.1,12,12,0,0,2,2,0,0,0,0,0,0
DSCAM-AS1,4,NR_038898.1,7,7,0,0,0,0,0,0,0,0,0,0
DSCAM-AS1,4,NR_038899.1,8,8,0,0,0,0,0,0,0,0,0,0
DSCAM-AS1,4,NR_038900.1,7,7,0,0,0,0,0,0,0,0,0,0
DUXAP10,1,NR_110526.1,12,12,0,0,1,1,0,0,0,0,0,0
DUXAP8,1,NR_122113.1,11,11,0,0,1,1,0,0,0,0,0,0
"EIF3J-AS1
",2,NR_034170.1,16,14,2,0,9,8,1,0,3,2,1,0
"EIF3J-AS1
",2,NR_034171.1,10,10,0,0,3,3,0,0,0,0,0,0
ELFN1-AS1,3,NR_120508.1,6,6,0,0,0,0,0,0,0,0,0,0
ELFN1-AS1,3,NR_120509.1,6,6,0,0,0,0,0,0,0,0,0,0
ELFN1-AS1,3,NR_120510.1,5,5,0,0,0,0,0,0,0,0,0,0
EWSAT1,1,NR_026949.1,15,14,1,0,7,6,1,0,4,3,1,0
EZR-AS1,1,NR_102425.1,3,3,0,0,0,0,0,0,0,0,0,0
"FAL1
",1,NR_051960.1,8,8,0,0,1,1,0,0,1,1,0,0
FAM3D-AS1,1,NR_134853.1,7,7,0,0,2,2,0,0,0,0,0,0
FBXL19-AS1,1,NR_024348.1,33,31,2,0,20,19,1,0,3,3,0,0
FENDRR,2,NR_033925.1,14,14,0,0,2,2,0,0,1,1,0,0
FENDRR,2,NR_036444.1,24,23,1,0,11,10,1,0,5,4,1,0
FER1L4,1,NR_119376.1,85,83,2,0,42,40,2,0,5,3,2,0
FEZF1-AS1,1,NR_036484.1,22,21,1,0,7,7,0,0,1,1,0,0
FGD5-AS1,5,NR_046251.1,18,17,1,0,7,6,1,0,1,0,1,0
FGD5-AS1,5,NR_046252.1,21,21,0,0,9,9,0,0,0,0,0,0
FGD5-AS1,5,NR_046253.1,20,20,0,0,8,8,0,0,0,0,0,0
FGD5-AS1,5,NR_046254.1,20,20,0,0,8,8,0,0,0,0,0,0
FGD5-AS1,5,NR_046255.1,17,15,2,0,4,2,2,0,3,1,2,0
FOXD2-AS1,1,NR_026878.1,24,21,3,0,11,9,2,0,6,6,0,0
FOXD3-AS1,4,NR_121634.1,11,11,0,0,10,10,0,0,0,0,0,0
FOXD3-AS1,4,NR_121635.1,7,6,1,0,9,8,1,0,0,0,0,0
FOXD3-AS1,4,NR_121636.1,8,8,0,0,8,8,0,0,0,0,0,0
FOXD3-AS1,4,NR_121637.1,8,8,0,0,7,7,0,0,0,0,0,0
FOXP4-AS1,3,NR_126415.1,2,2,0,0,0,0,0,0,0,0,0,0
FOXP4-AS1,3,NR_126416.1,2,2,0,0,0,0,0,0,0,0,0,0
FOXP4-AS1,3,NR_126417.1,1,1,0,0,0,0,0,0,0,0,0,0
FTX,1,NR_028379.1,8,8,0,0,0,0,0,0,0,0,0,0
GACAT3,1,NR_126559.1,6,6,0,0,0,0,0,0,0,0,0,0
GAPLINC,2,NR_110429.1,3,3,0,0,0,0,0,0,0,0,0,0
GAPLINC,2,NR_110428.1,3,3,0,0,0,0,0,0,0,0,0,0
GAS5,15,NR_002578.3,5,5,0,0,0,0,0,0,0,0,0,0
GAS5,15,NR_152521.1,6,6,0,0,2,2,0,0,4,4,0,0
GAS5,15,NR_152522.1,5,5,0,0,0,0,0,0,0,0,0,0
GAS5,15,NR_152523.1,5,5,0,0,0,0,0,0,0,0,0,0
GAS5,15,NR_152524.1,5,5,0,0,0,0,0,0,0,0,0,0
GAS5,15,NR_152525.1,5,5,0,0,0,0,0,0,0,0,0,0
GAS5,15,NR_152526.1,5,5,0,0,0,0,0,0,0,0,0,0
GAS5,15,NR_152527.1,3,3,0,0,0,0,0,0,0,0,0,0
GAS5,15,NR_152528.1,4,4,0,0,0,0,0,0,0,0,0,0
GAS5,15,NR_152529.1,3,3,0,0,0,0,0,0,0,0,0,0
GAS5,15,NR_152530.1,5,5,0,0,0,0,0,0,0,0,0,0
GAS5,15,NR_152531.1,5,5,0,0,0,0,0,0,0,0,0,0
GAS5,15,NR_152532.1,5,5,0,0,0,0,0,0,0,0,0,0
GAS5,15,NR_152533.1,5,5,0,0,0,0,0,0,0,0,0,0
GAS5,15,NR_152534.1,5,5,0,0,0,0,0,0,0,0,0,0
"GAS8-AS
",1,NR_122031.1,6,5,1,0,3,3,0,0,0,0,0,0
GHET1,1,NR_130107.1,10,9,1,0,5,4,1,0,2,2,0,0
GHRLOS,6,NR_004431.3,15,15,0,0,5,5,0,0,0,0,0,0
GHRLOS,6,NR_024144.2,15,15,0,0,5,5,0,0,0,0,0,0
GHRLOS,6,NR_024145.2,18,18,0,0,6,6,0,0,0,0,0,0
GHRLOS,6,NR_073566.1,18,18,0,0,6,6,0,0,0,0,0,0
GHRLOS,6,NR_073567.1,18,18,0,0,5,5,0,0,0,0,0,0
GHRLOS,6,NR_073568.1,16,16,0,0,5,5,0,0,0,0,0,0
GIHCG,1,NR_038269.1,4,4,0,0,0,0,0,0,0,0,0,0
GSEC,1,NR_033839.1,7,6,1,0,7,6,1,0,0,0,0,0
"GUARDIN
",1,NR_132738.1,13,12,1,0,2,2,0,0,0,0,0,0
H19,3,NR_002196.2,38,27,9,2,37,30,6,1,19,16,3,0
H19,3,NR_131223.1,37,26,9,2,37,30,6,1,19,16,3,0
H19,3,NR_131224.1,12,11,1,0,2,2,0,0,0,0,0,0
HAGLR,12,NR_110458.1,27,25,2,0,13,13,0,0,7,7,0,0
HAGLR,12,NR_110459.1,25,23,2,0,9,8,1,0,8,6,2,0
HAGLR,12,NR_110460.1,25,23,2,0,8,7,1,0,8,6,2,0
HAGLR,12,NR_110461.1,23,22,1,0,7,7,0,0,6,6,0,0
HAGLR,12,NR_110462.1,27,25,2,0,13,13,0,0,7,7,0,0
HAGLR,12,NR_110463.1,25,24,1,0,8,8,0,0,6,6,0,0
HAGLR,12,NR_110464.1,25,24,1,0,8,8,0,0,6,6,0,0
HAGLR,12,NR_110465.1,23,21,2,0,8,7,1,0,8,6,2,0
HAGLR,12,NR_110466.1,23,21,2,0,8,7,1,0,8,6,2,0
HAGLR,12,NR_033979.2,22,20,2,0,9,9,0,0,6,6,0,0
HAGLR,12,NR_110467.1,24,23,1,0,9,9,0,0,6,6,0,0
HAGLR,12,NR_110468.1,24,23,1,0,8,8,0,0,6,6,0,0
HAND2-AS1,11,NR_003679.2,1,1,0,0,0,0,0,0,0,0,0,0
HAND2-AS1,11,NR_136192.1,19,17,2,0,4,2,2,0,4,2,2,0
HAND2-AS1,11,NR_136193.1,22,20,2,0,6,4,2,0,5,3,2,0
HAND2-AS1,11,NR_136194.1,21,19,2,0,5,3,2,0,4,2,2,0
HAND2-AS1,11,NR_136195.1,11,10,1,0,2,1,1,0,0,0,0,0
HAND2-AS1,11,NR_136196.1,5,4,1,0,1,0,1,0,0,0,0,0
HAND2-AS1,11,NR_136197.1,19,18,1,0,3,2,1,0,3,2,1,0
HAND2-AS1,11,NR_136198.1,18,16,2,0,4,2,2,0,4,2,2,0
HAND2-AS1,11,NR_136199.1,20,18,2,0,4,2,2,0,4,2,2,0
HAND2-AS1,11,NR_136200.1,22,20,2,0,6,4,2,0,5,3,2,0
HAND2-AS1,11,NR_136201.1,24,22,2,0,7,5,2,0,5,3,2,0
"HCG18
",4,NR_024052.2,46,39,7,0,32,31,1,0,6,6,0,0
"HCG18
",4,NR_024053.2,45,38,7,0,32,31,1,0,6,6,0,0
"HCG18
",4,NR_102326.1,56,48,8,0,35,33,2,0,8,8,0,0
"HCG18
",4,NR_102327.1,30,24,6,0,27,26,1,0,7,7,0,0
HCP5,1,NR_040662.1,23,21,2,0,7,7,0,0,0,0,0,0
HIF1A-AS1,1,NR_047116.1,4,4,0,0,0,0,0,0,0,0,0,0
HIF1A-AS2,1,NR_045406.1,1,1,0,0,0,0,0,0,0,0,0,0
HLA-F-AS1,2,NR_026972.1,11,10,1,0,1,0,1,0,0,0,0,0
HLA-F-AS1,2,NR_026973.1,3,3,0,0,0,0,0,0,0,0,0,0
HNF1A-AS1,1,NR_024345.1,15,15,0,0,0,0,0,0,0,0,0,0
HOTAIR,3,NR_047517.1,18,17,1,0,10,10,0,0,1,1,0,0
HOTAIR,3,NR_003716.3,17,16,1,0,9,9,0,0,1,1,0,0
HOTAIR,3,NR_047518.1,16,15,1,0,11,11,0,0,2,2,0,0
HOTAIRM1,2,NR_038366.1,7,6,1,0,3,2,1,0,3,3,0,0
HOTAIRM1,2,NR_038367.1,5,4,1,0,2,1,1,0,2,2,0,0
HOTTIP,1,NR_037843.3,40,37,3,0,27,26,1,0,4,3,1,0
HOXA-AS2,1,NR_122069.1,4,4,0,0,1,1,0,0,1,1,0,0
HOXA11-AS,1,NR_002795.2,18,16,2,0,6,5,1,0,0,0,0,0
HOXB-AS3,8,NR_033201.2,6,5,1,0,2,1,1,0,2,2,0,0
HOXB-AS3,8,NR_033202.2,6,5,1,0,3,2,1,0,2,2,0,0
HOXB-AS3,8,NR_033203.1,6,6,0,0,2,2,0,0,0,0,0,0
HOXB-AS3,8,NR_033204.2,6,6,0,0,1,1,0,0,0,0,0,0
HOXB-AS3,8,NR_033205.1,7,6,1,0,3,2,1,0,1,1,0,0
HOXB-AS3,8,NR_110329.1,4,4,0,0,1,1,0,0,0,0,0,0
HOXB-AS3,8,NR_110330.1,5,4,1,0,2,1,1,0,1,1,0,0
HOXB-AS3,8,NR_110331.1,8,7,1,0,4,3,1,0,2,2,0,0
HULC,1,NR_004855.2,1,1,0,0,0,0,0,0,0,0,0,0
IQCJ-SCHIP1-AS1,1,NR_121669.1,5,5,0,0,0,0,0,0,0,0,0,0
ITIH4-AS1,1,NR_046615.1,1,1,0,0,0,0,0,0,0,0,0,0
kcna3,2,NR_109845.2,15,14,1,0,2,1,1,0,2,2,0,0
kcna3,2,NR_109846.1,14,13,1,0,2,1,1,0,2,2,0,0
KCNQ1OT1,1,NR_002728.3,581,538,41,2,231,209,22,0,65,53,12,0
"KIAA0125
",1,NR_026800.2,123,100,22,1,61,50,11,0,23,16,7,0
KRT7-AS,1,NR_146274.1,13,12,1,0,3,2,1,0,2,2,0,0
LDLRAD4-AS1,1,NR_040031.1,10,10,0,0,2,2,0,0,0,0,0,0
LEF1-AS1,2,NR_029373.1,19,17,2,0,15,14,1,0,1,1,0,0
LEF1-AS1,2,NR_029374.1,9,9,0,0,3,3,0,0,0,0,0,0
LIFR-AS1,2,NR_103553.1,22,22,0,0,8,8,0,0,2,2,0,0
LIFR-AS1,2,NR_103554.1,22,22,0,0,8,8,0,0,1,1,0,0
"LINC-ITGB1
",1,NR_160030.1,4,4,0,0,0,0,0,0,0,0,0,0
LINC-PINT,13,NR_015431.2,19,16,3,0,12,11,1,0,2,1,1,0
LINC-PINT,13,NR_024153.2,8,7,1,0,4,3,1,0,0,0,0,0
LINC-PINT,13,NR_109850.1,21,18,3,0,12,11,1,0,2,1,1,0
LINC-PINT,13,NR_109851.1,19,16,3,0,12,11,1,0,2,1,1,0
LINC-PINT,13,NR_109852.1,19,16,3,0,12,11,1,0,2,1,1,0
LINC-PINT,13,NR_109853.1,15,13,2,0,11,10,1,0,2,1,1,0
LINC-PINT,13,NR_109854.1,15,13,2,0,11,10,1,0,2,1,1,0
LINC-PINT,13,NR_109855.1,15,13,2,0,12,11,1,0,2,1,1,0
LINC-PINT,13,NR_034120.1,9,9,0,0,1,1,0,0,0,0,0,0
LINC-PINT,13,NR_110472.1,8,8,0,0,1,1,0,0,0,0,0,0
LINC-PINT,13,NR_110473.1,3,3,0,0,0,0,0,0,0,0,0,0
LINC-PINT,13,NR_170175.1,23,21,2,0,12,11,1,0,2,1,1,0
LINC-PINT,13,NR_170176.1,21,19,2,0,12,11,1,0,2,1,1,0
"LINC-POU3F3
",4,NR_037883.1,13,12,1,0,2,2,0,0,0,0,0,0
"LINC-POU3F3
",4,NR_131233.1,5,5,0,0,0,0,0,0,0,0,0,0
"LINC-POU3F3
",4,NR_131234.1,6,6,0,0,0,0,0,0,0,0,0,0
"LINC-POU3F3
",4,NR_131235.1,6,6,0,0,0,0,0,0,0,0,0,0
LINC-ROR,2,NR_048536.2,15,15,0,0,5,5,0,0,0,0,0,0
LINC-ROR,2,NR_152602.1,13,13,0,0,5,5,0,0,0,0,0,0
LINC-UFC1 (LOC112543491),1,NR_156734.1,20,20,0,0,6,6,0,0,0,0,0,0
LINC00114,2,NR_027065.2,4,4,0,0,0,0,0,0,0,0,0,0
LINC00114,2,NR_027066.2,3,3,0,0,0,0,0,0,0,0,0,0
LINC00174,1,NR_026873.1,35,35,0,0,1,1,0,0,0,0,0,0
LINC00261,1,NR_001558.3,31,31,0,0,14,14,0,0,0,0,0,0
LINC00265,1,NR_026999.1,48,47,1,0,9,9,0,0,0,0,0,0
LINC00312,1,NR_024065.3,10,9,1,0,2,1,1,0,1,1,0,0
LINC00324,1,NR_026951.1,22,22,0,0,8,8,0,0,0,0,0,0
LINC00460,2,NR_034119.2,4,4,0,0,2,2,0,0,0,0,0,0
LINC00460,2,NR_163477.1,4,4,0,0,0,0,0,0,0,0,0,0
LINC00461,14,NR_024384.2,15,14,1,0,5,5,0,0,3,3,0,0
LINC00461,14,NR_024383.2,14,13,1,0,4,4,0,0,3,3,0,0
LINC00461,14,NR_015436.2,11,11,0,0,5,5,0,0,0,0,0,0
LINC00461,14,NR_152232.1,13,12,1,0,4,4,0,0,3,3,0,0
LINC00461,14,NR_152233.1,13,12,1,0,4,4,0,0,3,3,0,0
LINC00461,14,NR_152234.1,13,12,1,0,5,5,0,0,3,3,0,0
LINC00461,14,NR_152235.1,10,10,0,0,4,4,0,0,0,0,0,0
LINC00461,14,NR_152236.1,14,13,1,0,5,5,0,0,3,3,0,0
LINC00461,14,NR_152237.1,12,11,1,0,4,4,0,0,3,3,0,0
LINC00461,14,NR_152238.1,12,12,0,0,4,4,0,0,0,0,0,0
LINC00461,14,NR_152239.1,10,10,0,0,3,3,0,0,0,0,0,0
LINC00461,14,NR_152240.1,19,18,1,0,7,7,0,0,4,4,0,0
LINC00461,14,NR_152241.1,13,12,1,0,5,5,0,0,3,3,0,0
LINC00461,14,NR_152242.1,12,12,0,0,5,5,0,0,0,0,0,0
LINC00467,1,NR_026761.2,5,5,0,0,0,0,0,0,0,0,0,0
LINC00472,4,NR_121612.1,43,41,2,0,16,16,0,0,4,4,0,0
LINC00472,4,NR_026807.2,43,41,2,0,16,16,0,0,4,4,0,0
LINC00472,4,NR_121613.1,42,40,2,0,16,16,0,0,4,4,0,0
LINC00472,4,NR_121614.1,43,41,2,0,16,16,0,0,4,4,0,0
LINC00473,2,NR_026860.1,12,12,0,0,1,1,0,0,0,0,0,0
LINC00473,2,NR_026861.1,5,5,0,0,0,0,0,0,0,0,0,0
LINC00504,1,NR_126435.1,17,16,0,1,2,1,1,0,0,0,0,0
LINC00511,1,NR_033876.1,18,16,2,0,7,6,1,0,2,2,0,0
LINC00520,2,NR_026796.1,13,12,1,0,6,5,1,0,2,2,0,0
LINC00520,2,NR_026797.1,13,12,1,0,6,5,1,0,2,2,0,0
LINC00630,7,NR_038988.2,13,13,0,0,1,1,0,0,0,0,0,0
LINC00630,7,NR_146588.1,13,13,0,0,1,1,0,0,0,0,0,0
LINC00630,7,NR_146589.1,21,21,0,0,4,4,0,0,0,0,0,0
LINC00630,7,NR_146590.1,14,14,0,0,1,1,0,0,0,0,0,0
LINC00630,7,NR_146591.1,14,14,0,0,4,4,0,0,0,0,0,0
LINC00630,7,NR_146592.1,14,14,0,0,1,1,0,0,0,0,0,0
LINC00630,7,NR_146593.1,19,19,0,0,4,4,0,0,0,0,0,0
LINC00659,2,NR_046224.1,8,8,0,0,1,1,0,0,0,0,0,0
LINC00659,2,NR_046225.1,8,8,0,0,1,1,0,0,0,0,0,0
LINC00662,1,NR_027301.1,6,5,1,0,0,0,0,0,0,0,0,0
LINC00707,1,NR_038291.1,8,8,0,0,1,1,0,0,0,0,0,0
LINC00858,1,NR_038220.1,10,10,0,0,3,3,0,0,0,0,0,0
LINC00957,3,NR_015401.2,25,22,3,0,20,19,1,0,3,2,1,0
LINC00957,3,NR_072981.1,15,14,1,0,11,10,1,0,2,1,1,0
LINC00957,3,NR_072982.1,11,10,1,0,5,4,1,0,2,1,1,0
"LINC00959
",2,NR_149170.2,9,8,1,0,10,10,0,0,2,2,0,0
"LINC00959
",2,NR_034125.2,14,13,1,0,9,9,0,0,2,2,0,0
"LINC01021
",1,NR_038848.1,7,7,0,0,0,0,0,0,0,0,0,0
LINC01082,1,NR_103859.1,3,3,0,0,0,0,0,0,0,0,0,0
LINC01119,1,NR_024452.1,6,6,0,0,4,4,0,0,0,0,0,0
LINC01133,1,NR_038849.1,7,7,0,0,1,1,0,0,0,0,0,0
LINC01194,1,NR_033383.1,3,3,0,0,0,0,0,0,0,0,0,0
LINC01234,2,NR_110026.1,8,7,1,0,6,6,0,0,0,0,0,0
LINC01234,2,NR_110025.1,9,8,1,0,6,6,0,0,0,0,0,0
"LINC01296
",2,NR_122111.1,19,19,0,0,2,2,0,0,0,0,0,0
"LINC01296
",2,NR_122112.1,9,9,0,0,0,0,0,0,0,0,0,0
LINC01354,1,NR_038426.1,15,13,2,0,6,5,1,0,0,0,0,0
LINC01410,1,NR_121647.1,11,11,0,0,1,1,0,0,1,1,0,0
LINC01413,1,NR_120337.1,12,10,1,1,14,14,0,0,1,1,0,0
LINC01503,2,NR_120685.1,6,5,1,0,1,1,0,0,1,1,0,0
LINC01503,2,NR_120686.1,6,5,1,0,1,1,0,0,1,1,0,0
"LINC01510
",3,NR_120506.2,6,6,0,0,0,0,0,0,0,0,0,0
"LINC01510
",3,NR_165032.1,5,5,0,0,0,0,0,0,0,0,0,0
"LINC01510
",3,NR_165033.1,8,8,0,0,0,0,0,0,0,0,0,0
LINC01555,1,NR_027379.1,15,14,1,0,4,4,0,0,2,2,0,0
LINC01602,1,NR_130934.1,5,5,0,0,2,2,0,0,0,0,0,0
LINC02418,1,NR_024457.2,20,20,0,0,3,3,0,0,0,0,0,0
LINC02595,1,NR_125365.1,3,3,0,0,1,1,0,0,0,0,0,0
"lnc-OC1
",1,NR_038925.1,37,33,4,0,12,10,2,0,1,1,0,0
"lncCMPK2
",1,NR_126359.1,4,4,0,0,0,0,0,0,0,0,0,0
lncRNA-ATB,1,NR_160525.1,17,16,1,0,4,4,0,0,0,0,0,0
"lncRNA-HEIH
",1,NR_045680.1,17,16,1,0,5,5,0,0,5,5,0,0
"lncRNA-LET
",1,NR_103844.1,13,13,0,0,5,5,0,0,1,1,0,0
"lncRNA-MIF
",1,NR_110597.1,6,6,0,0,0,0,0,0,0,0,0,0
"lncRNA00673
",5,NR_137281.2,26,24,2,0,9,7,2,0,1,0,1,0
"lncRNA00673
",5,NR_137280.2,25,23,2,0,9,7,2,0,1,0,1,0
"lncRNA00673
",5,NR_036488.1,23,22,1,0,7,6,1,0,1,0,1,0
"lncRNA00673
",5,NR_152515.1,23,22,1,0,7,6,1,0,1,0,1,0
"lncRNA00673
",5,NR_152516.1,27,25,2,0,11,9,2,0,1,0,1,0
"lncTCF7
",1,NR_131252.1,6,6,0,0,0,0,0,0,0,0,0,0
"LOC100287225
",2,NR_040074.1,12,12,0,0,7,7,0,0,2,2,0,0
"LOC100287225
",2,NR_040075.1,11,11,0,0,1,1,0,0,0,0,0,0
"LOC285194
",1,NR_015391.1,9,9,0,0,3,3,0,0,1,1,0,0
"LOC285629
",2,NR_151858.1,18,18,0,0,4,4,0,0,1,1,0,0
"LOC285629
",2,NR_027111.1,18,18,0,0,4,4,0,0,1,1,0,0
"LOC554202
",4,NR_027054.2,20,19,1,0,8,7,1,0,1,0,1,0
"LOC554202
",4,NR_152877.1,13,13,0,0,3,3,0,0,0,0,0,0
"LOC554202
",4,NR_152878.1,12,12,0,0,3,3,0,0,0,0,0,0
"LOC554202
",4,NR_152879.1,19,18,1,0,8,7,1,0,1,0,1,0
LSINCT5,1,NR_145480.1,24,22,2,0,13,12,1,0,3,2,1,0
LUADT1,1,NR_132442.1,4,4,0,0,1,1,0,0,0,0,0,0
LUCAT1,2,NR_103548.1,3,3,0,0,0,0,0,0,0,0,0,0
LUCAT1,2,NR_103549.1,2,2,0,0,0,0,0,0,0,0,0,0
LUNAR1,1,NR_126487.1,4,3,1,0,2,0,2,0,0,0,0,0
"MAFG-AS1
",1,NR_015454.1,25,23,2,0,8,7,1,0,6,4,2,0
MAGI2-AS3,4,NR_038343.2,22,21,1,0,10,9,1,0,3,2,1,0
MAGI2-AS3,4,NR_038344.1,9,8,1,0,5,4,1,0,2,1,1,0
MAGI2-AS3,4,NR_038345.1,2,2,0,0,0,0,0,0,0,0,0,0
MAGI2-AS3,4,NR_038346.1,3,3,0,0,1,1,0,0,0,0,0,0
MALAT1,3,NR_002819.4,53,46,7,0,28,23,5,0,17,13,4,0
MALAT1,3,NR_144567.1,54,47,7,0,28,23,5,0,17,13,4,0
MALAT1,3,NR_144568.1,53,47,6,0,27,23,4,0,16,12,4,0
MAPKAPK5-AS1,5,NR_015404.2,22,20,2,0,7,6,1,0,3,2,1,0
MAPKAPK5-AS1,5,NR_152605.1,5,5,0,0,0,0,0,0,0,0,0,0
MAPKAPK5-AS1,5,NR_152606.1,6,6,0,0,0,0,0,0,0,0,0,0
MAPKAPK5-AS1,5,NR_152607.1,4,4,0,0,0,0,0,0,0,0,0,0
MAPKAPK5-AS1,5,NR_152608.1,5,5,0,0,1,1,0,0,0,0,0,0
MBNL1-AS1,2,NR_027038.1,35,33,2,0,17,15,2,0,5,5,0,0
MBNL1-AS1,2,NR_027037.1,36,34,2,0,17,15,2,0,5,5,0,0
MEG3,15,NR_002766.2,16,14,2,0,2,1,1,0,1,1,0,0
MEG3,15,NR_003530.2,19,17,2,0,2,1,1,0,1,1,0,0
MEG3,15,NR_003531.3,18,16,2,0,2,1,1,0,1,1,0,0
MEG3,15,NR_033358.1,17,15,2,0,2,1,1,0,1,1,0,0
MEG3,15,NR_033359.1,17,15,2,0,2,1,1,0,1,1,0,0
MEG3,15,NR_033360.1,17,15,2,0,2,1,1,0,1,1,0,0
MEG3,15,NR_046464.1,17,15,2,0,2,1,1,0,1,1,0,0
MEG3,15,NR_046465.2,17,15,2,0,2,1,1,0,1,1,0,0
MEG3,15,NR_046466.1,17,15,2,0,2,1,1,0,1,1,0,0
MEG3,15,NR_046467.1,18,16,2,0,2,1,1,0,1,1,0,0
MEG3,15,NR_046469.1,17,15,2,0,2,1,1,0,1,1,0,0
MEG3,15,NR_046470.2,19,17,2,0,2,1,1,0,1,1,0,0
MEG3,15,NR_046471.1,17,15,2,0,2,1,1,0,1,1,0,0
MEG3,15,NR_046472.1,18,16,2,0,2,1,1,0,1,1,0,0
MEG3,15,NR_046473.1,93,81,12,0,45,39,6,0,13,10,3,0
"MFI2-AS1
",1,NR_038285.1,8,7,1,0,2,1,1,0,2,2,0,0
MIA-RAB4B,1,NR_037775.1,18,15,2,1,7,7,0,0,3,3,0,0
MIAT,4,NR_003491.3,19,1,18,0,74,61,13,0,32,27,5,0
MIAT,4,NR_033319.2,22,4,18,0,72,59,13,0,32,27,5,0
MIAT,4,NR_033320.2,28,10,18,0,72,59,13,0,32,27,5,0
MIAT,4,NR_033321.2,19,1,18,0,70,57,13,0,32,27,5,0
MIR100HG,23,NR_024430.2,8,8,0,0,6,6,0,0,0,0,0,0
MIR100HG,23,NR_137175.1,10,10,0,0,6,6,0,0,0,0,0,0
MIR100HG,23,NR_137176.1,6,6,0,0,2,2,0,0,0,0,0,0
MIR100HG,23,NR_137177.1,6,6,0,0,2,2,0,0,0,0,0,0
MIR100HG,23,NR_137178.1,7,7,0,0,2,2,0,0,0,0,0,0
MIR100HG,23,NR_137179.1,6,6,0,0,2,2,0,0,0,0,0,0
MIR100HG,23,NR_137180.1,7,7,0,0,5,5,0,0,0,0,0,0
MIR100HG,23,NR_137181.1,8,8,0,0,6,6,0,0,0,0,0,0
MIR100HG,23,NR_137182.1,8,8,0,0,6,6,0,0,0,0,0,0
MIR100HG,23,NR_137183.1,4,4,0,0,2,2,0,0,0,0,0,0
MIR100HG,23,NR_137184.1,4,4,0,0,2,2,0,0,0,0,0,0
MIR100HG,23,NR_137185.1,4,4,0,0,2,2,0,0,0,0,0,0
MIR100HG,23,NR_137186.1,5,5,0,0,2,2,0,0,0,0,0,0
MIR100HG,23,NR_137187.1,5,5,0,0,2,2,0,0,0,0,0,0
MIR100HG,23,NR_137188.1,7,7,0,0,2,2,0,0,0,0,0,0
MIR100HG,23,NR_137189.1,10,10,0,0,6,6,0,0,0,0,0,0
MIR100HG,23,NR_137190.1,11,11,0,0,6,6,0,0,0,0,0,0
MIR100HG,23,NR_137191.1,12,12,0,0,6,6,0,0,0,0,0,0
MIR100HG,23,NR_137192.1,4,4,0,0,2,2,0,0,0,0,0,0
MIR100HG,23,NR_137193.1,7,7,0,0,5,5,0,0,0,0,0,0
MIR100HG,23,NR_137194.1,7,7,0,0,2,2,0,0,0,0,0,0
MIR100HG,23,NR_137195.1,8,7,1,0,5,5,0,0,0,0,0,0
MIR100HG,23,NR_137196.1,8,7,1,0,5,5,0,0,0,0,0,0
MIR155HG,1,NR_001458.3,5,5,0,0,1,1,0,0,0,0,0,0
MIR17HG,2,NR_027350.1,19,18,1,0,6,6,0,0,0,0,0,0
MIR17HG,2,NR_027349.1,4,3,1,0,0,0,0,0,0,0,0,0
MIR22HG,4,NR_028502.1,22,20,2,0,7,6,1,0,1,0,1,0
MIR22HG,4,NR_028503.1,16,15,1,0,5,5,0,0,0,0,0,0
MIR22HG,4,NR_028504.1,10,9,1,0,2,2,0,0,0,0,0,0
MIR22HG,4,NR_028505.1,10,9,1,0,2,2,0,0,0,0,0,0
MIR503HG,1,NR_024607.1,6,6,0,0,1,1,0,0,0,0,0,0
MIR600HG,1,NR_026677.1,72,66,6,0,35,33,2,0,8,6,2,0
"MLK7-AS1
",1,NR_033882.1,10,10,0,0,2,2,0,0,0,0,0,0
MNX1-AS1,1,NR_038835.1,12,10,2,0,4,3,1,0,0,0,0,0
"MORT
",2,NR_036521.1,10,9,1,0,3,2,1,0,2,2,0,0
"MORT
",2,NR_036522.1,5,4,1,0,2,1,1,0,2,2,0,0
"MYCLo-5
",1,NR_036497.1,18,18,0,0,10,10,0,0,1,1,0,0
MYCNOS,3,NR_110230.2,11,10,1,0,4,4,0,0,3,3,0,0
MYCNOS,3,NR_161162.1,7,5,2,0,4,3,1,0,3,3,0,0
MYCNOS,3,NR_161163.1,9,8,1,0,5,4,1,0,3,3,0,0
"MYU
",1,NR_036480.1,20,16,4,0,10,10,0,0,2,2,0,0
"Nbla12061
",4,NR_038108.1,9,9,0,0,1,1,0,0,1,1,0,0
"Nbla12061
",4,NR_038109.1,9,9,0,0,1,1,0,0,1,1,0,0
"Nbla12061
",4,NR_038110.1,8,8,0,0,1,1,0,0,1,1,0,0
"Nbla12061
",4,NR_038111.1,8,8,0,0,1,1,0,0,1,1,0,0
NBR2,2,NR_003108.2,16,16,0,0,6,6,0,0,0,0,0,0
NBR2,2,NR_138145.1,10,10,0,0,0,0,0,0,0,0,0,0
"NCRNA00028
",1,NR_024358.1,8,8,0,0,5,5,0,0,2,2,0,0
ncRuPAR,1,NR_028375.2,6,6,0,0,1,1,0,0,0,0,0,0
NEAT1,2,NR_131012.1,150,134,16,0,83,77,6,0,28,25,3,0
NEAT1,2,NR_028272.1,41,33,8,0,32,27,5,0,15,13,2,0
NKILA,1,NR_131157.1,28,26,2,0,11,10,1,0,3,3,0,0
NNT-AS1,1,NR_073113.1,15,15,0,0,4,4,0,0,0,0,0,0
NORAD,1,NR_027451.1,30,25,5,0,19,13,6,0,6,4,2,0
NR2F2-AS1,3,NR_102743.1,9,9,0,0,2,2,0,0,0,0,0,0
NR2F2-AS1,3,NR_102744.1,4,4,0,0,0,0,0,0,0,0,0,0
NR2F2-AS1,3,NR_125738.1,3,3,0,0,0,0,0,0,0,0,0,0
NR4A1AS,1,NR_170321.1,8,6,2,0,10,9,1,0,2,2,0,0
"NR_015441
",1,NR_015441.1,21,20,1,0,4,4,0,0,3,3,0,0
"NR_033374
",1,NR_033374.1,30,29,1,0,10,10,0,0,1,1,0,0
"NR_033878
",1,NR_033878.1,3,3,0,0,0,0,0,0,0,0,0,0
"NR_036537
",1,NR_036537.1,12,12,0,0,4,4,0,0,1,1,0,0
"NR_037661
",1,NR_037661.1,21,18,3,0,7,5,2,0,3,2,1,0
"NR_038990
",1,NR_038990.1,8,8,0,0,1,1,0,0,0,0,0,0
"NR_045617
",1,NR_045617.2,4,4,0,0,0,0,0,0,0,0,0,0
"NR_046321
",1,NR_046321.2,9,9,0,0,2,2,0,0,0,0,0,0
"NR_046711
",1,NR_046711.1,2,2,0,0,1,1,0,0,0,0,0,0
"NR_110882
",1,NR_110882.1,4,4,0,0,0,0,0,0,1,1,0,0
OIP5-AS1,4,NR_026757.2,30,30,0,0,6,6,0,0,2,2,0,0
OIP5-AS1,4,NR_152820.1,26,26,0,0,4,4,0,0,2,2,0,0
OIP5-AS1,4,NR_152821.1,6,6,0,0,0,0,0,0,0,0,0,0
OIP5-AS1,4,NR_152822.1,31,31,0,0,6,6,0,0,2,2,0,0
PANDAR,1,NR_109836.1,6,6,0,0,1,1,0,0,0,0,0,0
PART1,3,NR_024617.1,18,18,0,0,7,7,0,0,1,1,0,0
PART1,3,NR_028508.1,11,11,0,0,2,2,0,0,0,0,0,0
PART1,3,NR_028509.1,21,20,1,0,7,6,1,0,3,2,1,0
PCAT1,1,NR_045262.2,14,14,0,0,2,2,0,0,0,0,0,0
PCAT6,2,NR_046325.1,4,3,1,0,2,2,0,0,0,0,0,0
PCAT6,2,NR_046326.1,3,2,1,0,2,2,0,0,0,0,0,0
PGM5-AS1,3,NR_121191.1,6,6,0,0,4,4,0,0,1,1,0,0
PGM5-AS1,3,NR_121192.1,3,3,0,0,3,3,0,0,1,1,0,0
PGM5-AS1,3,NR_015423.2,4,4,0,0,3,3,0,0,1,1,0,0
PICART1,1,NR_038230.1,27,24,3,0,15,13,2,0,6,5,1,0
PINCR,1,NR_110387.1,6,6,0,0,1,1,0,0,0,0,0,0
"PlncRNA-1
",3,NR_038892.1,10,10,0,0,0,0,0,0,0,0,0,0
"PlncRNA-1
",3,NR_038893.1,9,9,0,0,0,0,0,0,0,0,0,0
"PlncRNA-1
",3,NR_038894.1,6,6,0,0,0,0,0,0,0,0,0,0
POU6F2-AS2,1,NR_138047.1,8,8,0,0,1,1,0,0,0,0,0,0
PRKCQ-AS1,2,NR_036502.1,12,11,1,0,4,4,0,0,0,0,0,0
PRKCQ-AS1,2,NR_036503.1,12,11,1,0,4,4,0,0,0,0,0,0
PRNCR1,1,NR_109833.1,61,60,1,0,26,26,0,0,7,7,0,0
PVT1,1,NR_003367.3,14,13,1,0,4,3,1,0,3,0,3,0
RBM5-AS1,1,NR_045388.1,2,1,1,0,2,2,0,0,0,0,0,0
"RNCR3
",1,NR_024281.1,25,23,2,0,10,9,1,0,7,7,0,0
ROR1-AS1,2,NR_110665.1,7,7,0,0,2,2,0,0,0,0,0,0
ROR1-AS1,2,NR_110666.1,11,11,0,0,1,1,0,0,0,0,0,0
"RPL34-AS1
",1,NR_026968.1,18,18,0,0,0,0,0,0,0,0,0,0
RPPH1,1,NR_002312.1,6,6,0,0,1,1,0,0,0,0,0,0
RUNX1-IT1,1,NR_026812.1,10,9,1,0,3,2,1,0,0,0,0,0
SATB1-AS1,1,NR_125803.1,7,5,2,0,0,0,0,0,1,0,1,0
SATB2-AS1,1,NR_026830.1,23,20,3,0,14,14,0,0,2,2,0,0
SBDSP1,4,NR_024110.1,11,11,0,0,0,0,0,0,0,0,0,0
SBDSP1,4,NR_024111.1,10,10,0,0,0,0,0,0,0,0,0,0
SBDSP1,4,NR_001588.2,8,8,0,0,0,0,0,0,0,0,0,0
SBDSP1,4,NR_024109.1,7,7,0,0,0,0,0,0,0,0,0,0
SBF2-AS1,1,NR_036485.1,13,11,2,0,9,8,1,0,0,0,0,0
SCARNA2,1,NR_003023.1,5,4,1,0,1,0,1,0,0,0,0,0
SH3PXD2A-AS1,1,NR_038940.1,10,10,0,0,3,3,0,0,1,1,0,0
SLCO4A1-AS1,1,NR_024470.1,16,15,1,0,3,3,0,0,1,1,0,0
SNHG1,12,NR_003098.2,5,5,0,0,1,1,0,0,0,0,0,0
SNHG1,12,NR_152575.1,9,9,0,0,2,2,0,0,0,0,0,0
SNHG1,12,NR_152576.1,9,9,0,0,2,2,0,0,0,0,0,0
SNHG1,12,NR_152577.1,4,4,0,0,1,1,0,0,0,0,0,0
SNHG1,12,NR_152578.1,4,4,0,0,1,1,0,0,0,0,0,0
SNHG1,12,NR_152579.1,4,4,0,0,1,1,0,0,0,0,0,0
SNHG1,12,NR_152580.1,4,4,0,0,1,1,0,0,0,0,0,0
SNHG1,12,NR_152581.1,4,4,0,0,0,0,0,0,0,0,0,0
SNHG1,12,NR_152582.1,5,5,0,0,1,1,0,0,0,0,0,0
SNHG1,12,NR_152583.1,3,3,0,0,0,0,0,0,0,0,0,0
SNHG1,12,NR_152584.1,7,7,0,0,0,0,0,0,0,0,0,0
SNHG1,12,NR_152585.1,7,7,0,0,2,2,0,0,0,0,0,0
SNHG11,1,NR_003239.1,12,10,2,0,5,5,0,0,0,0,0,0
SNHG12,8,NR_024127.2,8,8,0,0,2,2,0,0,0,0,0,0
SNHG12,8,NR_146381.1,13,13,0,0,3,3,0,0,0,0,0,0
SNHG12,8,NR_146382.1,9,9,0,0,2,2,0,0,0,0,0,0
SNHG12,8,NR_146383.1,8,8,0,0,2,2,0,0,0,0,0,0
SNHG12,8,NR_146384.1,13,13,0,0,3,3,0,0,0,0,0,0
SNHG12,8,NR_146385.1,8,8,0,0,2,2,0,0,0,0,0,0
SNHG12,8,NR_146386.1,8,8,0,0,2,2,0,0,0,0,0,0
SNHG12,8,NR_146387.1,11,11,0,0,1,1,0,0,0,0,0,0
SNHG14,1,NR_146177.1,176,175,1,0,32,32,0,0,2,2,0,0
SNHG15,5,NR_003697.2,8,8,0,0,0,0,0,0,0,0,0,0
SNHG15,5,NR_152594.1,7,7,0,0,0,0,0,0,0,0,0,0
SNHG15,5,NR_152595.1,7,7,0,0,0,0,0,0,0,0,0,0
SNHG15,5,NR_152596.1,8,8,0,0,0,0,0,0,0,0,0,0
SNHG15,5,NR_152597.1,6,6,0,0,0,0,0,0,0,0,0,0
SNHG17,14,NR_015366.5,12,12,0,0,4,4,0,0,0,0,0,0
SNHG17,14,NR_027241.3,12,12,0,0,6,6,0,0,0,0,0,0
SNHG17,14,NR_152753.1,9,9,0,0,3,3,0,0,0,0,0,0
SNHG17,14,NR_152754.1,14,14,0,0,6,6,0,0,0,0,0,0
SNHG17,14,NR_152755.1,10,10,0,0,4,4,0,0,0,0,0,0
SNHG17,14,NR_152756.1,10,10,0,0,4,4,0,0,0,0,0,0
SNHG17,14,NR_152757.1,8,8,0,0,3,3,0,0,0,0,0,0
SNHG17,14,NR_152758.1,12,12,0,0,6,6,0,0,0,0,0,0
SNHG17,14,NR_152759.1,11,11,0,0,5,5,0,0,0,0,0,0
SNHG17,14,NR_152760.1,11,11,0,0,3,3,0,0,0,0,0,0
SNHG17,14,NR_152761.1,10,10,0,0,5,5,0,0,0,0,0,0
SNHG17,14,NR_152762.1,8,8,0,0,3,3,0,0,0,0,0,0
SNHG17,14,NR_152763.1,11,11,0,0,3,3,0,0,0,0,0,0
SNHG17,14,NR_152764.1,10,10,0,0,3,3,0,0,0,0,0,0
SNHG20,1,NR_027058.1,18,17,1,0,8,7,1,0,0,0,0,0
SNHG3,2,NR_036473.1,18,18,0,0,6,6,0,0,0,0,0,0
SNHG3,2,NR_002909.2,16,16,0,0,6,6,0,0,0,0,0,0
SNHG5,1,NR_003038.2,2,2,0,0,0,0,0,0,0,0,0,0
SNHG6,4,NR_002599.2,4,4,0,0,2,2,0,0,0,0,0,0
SNHG6,4,NR_152598.1,5,5,0,0,2,2,0,0,0,0,0,0
SNHG6,4,NR_152599.1,3,3,0,0,2,2,0,0,0,0,0,0
SNHG6,4,NR_152600.1,5,5,0,0,2,2,0,0,0,0,0,0
SNHG7,3,NR_003672.2,28,23,5,0,23,19,4,0,4,4,0,0
SNHG7,3,NR_024542.1,13,10,3,0,12,11,1,0,3,3,0,0
SNHG7,3,NR_024543.1,12,9,3,0,11,10,1,0,3,3,0,0
SOX21-AS1,1,NR_046514.1,21,20,1,0,6,6,0,0,2,2,0,0
"SOX2OT
",6,NR_075091.1,18,18,0,0,10,10,0,0,1,1,0,0
"SOX2OT
",6,NR_075092.1,16,16,0,0,10,10,0,0,1,1,0,0
"SOX2OT
",6,NR_075093.1,13,13,0,0,1,1,0,0,1,1,0,0
"SOX2OT
",6,NR_004053.3,16,16,0,0,9,9,0,0,1,1,0,0
"SOX2OT
",6,NR_075089.1,15,15,0,0,9,9,0,0,1,1,0,0
"SOX2OT
",6,NR_075090.1,11,11,0,0,0,0,0,0,0,0,0,0
SPINT1-AS1,3,NR_146466.1,10,8,2,0,3,2,1,0,3,3,0,0
SPINT1-AS1,3,NR_146467.1,8,6,2,0,3,2,1,0,2,2,0,0
SPINT1-AS1,3,NR_146468.1,9,7,2,0,3,2,1,0,3,3,0,0
SPRY4-IT1,1,NR_131221.1,5,5,0,0,3,3,0,0,0,0,0,0
ST3GAL6-AS1,1,NR_046683.1,8,6,2,0,7,7,0,0,1,1,0,0
STARD13-AS,1,NR_046693.1,3,3,0,0,0,0,0,0,0,0,0,0
SUMO1P3,1,NR_002190.1,6,6,0,0,3,3,0,0,0,0,0,0
"THOR
",1,NR_144530.1,4,4,0,0,1,1,0,0,0,0,0,0
TINCR,1,NR_027064.3,40,30,10,0,28,21,7,0,12,8,4,0
TMPO-AS1,1,NR_027157.1,18,17,1,0,12,11,1,0,0,0,0,0
TP73-AS1,5,NR_033711.1,67,61,6,0,26,22,4,0,8,5,3,0
TP73-AS1,5,NR_033710.1,58,52,6,0,26,22,4,0,8,5,3,0
TP73-AS1,5,NR_033709.1,46,41,5,0,21,18,3,0,6,3,3,0
TP73-AS1,5,NR_033708.1,38,33,5,0,19,16,3,0,6,3,3,0
TP73-AS1,5,NR_033712.1,30,26,4,0,12,10,2,0,2,1,1,0
TPT1-AS1,1,NR_024458.1,12,12,0,0,2,2,0,0,0,0,0,0
"TRERNA
",1,NR_051976.1,6,6,0,0,1,1,0,0,0,0,0,0
TRPM2-AS,1,NR_109964.1,10,9,1,0,3,3,0,0,1,1,0,0
TTN-AS1,2,NR_038272.1,32,32,0,0,5,5,0,0,2,2,0,0
TTN-AS1,2,NR_038271.1,13,13,0,0,2,2,0,0,0,0,0,0
TUG1,8,NR_110492.1,35,31,4,0,16,13,3,0,6,5,1,0
TUG1,8,NR_110493.1,34,30,4,0,16,13,3,0,6,5,1,0
TUG1,8,NR_002323.2,34,30,4,0,16,13,3,0,6,5,1,0
TUG1,8,NR_152867.1,12,12,0,0,2,2,0,0,0,0,0,0
TUG1,8,NR_152868.1,12,12,0,0,2,2,0,0,0,0,0,0
TUG1,8,NR_152869.1,34,30,4,0,16,13,3,0,6,5,1,0
TUG1,8,NR_152870.1,34,30,4,0,16,13,3,0,6,5,1,0
TUG1,8,NR_152871.1,35,31,4,0,16,13,3,0,6,5,1,0
UCA1,1,NR_015379.3,10,10,0,0,3,3,0,0,0,0,0,0
UXT-AS1,1,NR_028119.1,4,3,0,1,1,0,1,0,0,0,0,0
VIM-AS1,2,NR_108061.1,15,15,0,0,9,9,0,0,0,0,0,0
VIM-AS1,2,NR_108060.1,4,4,0,0,0,0,0,0,0,0,0,0
"WT1AS
",5,NR_120546.1,32,29,2,1,18,17,1,0,4,3,1,0
"WT1AS
",5,NR_120547.1,24,22,1,1,9,8,1,0,3,2,1,0
"WT1AS
",5,NR_023920.2,13,11,1,1,5,4,1,0,3,2,1,0
"WT1AS
",5,NR_120548.1,13,12,1,0,5,4,1,0,2,1,1,0
"WT1AS
",5,NR_120549.1,10,9,1,0,8,7,1,0,2,1,1,0
XIRP2-AS1,1,NR_046665.1,5,5,0,0,1,1,0,0,0,0,0,0
XIST,1,NR_001564.2,71,71,0,0,15,15,0,0,0,0,0,0
"XLOC_000303
",7,NR_104131.2,7,7,0,0,1,1,0,0,0,0,0,0
"XLOC_000303
",7,NR_160779.1,26,26,0,0,12,12,0,0,0,0,0,0
"XLOC_000303
",7,NR_160780.1,26,26,0,0,12,12,0,0,0,0,0,0
"XLOC_000303
",7,NR_160781.1,6,6,0,0,1,1,0,0,0,0,0,0
"XLOC_000303
",7,NR_160782.1,7,7,0,0,1,1,0,0,0,0,0,0
"XLOC_000303
",7,NR_160783.1,5,5,0,0,1,1,0,0,0,0,0,0
"XLOC_000303
",7,NR_160784.1,4,4,0,0,1,1,0,0,0,0,0,0
"XLOC_006844
",1,NR_147034.1,10,8,2,0,1,0,1,0,1,0,1,0
"XLOC_010588
",1,NR_104174.1,9,9,0,0,3,3,0,0,2,2,0,0
YWHAE,1,NR_024058.2,10,10,0,0,1,1,0,0,1,1,0,0
ZDHHC8P1,1,NR_003950.1,27,26,1,0,13,13,0,0,1,1,0,0
ZEB1-AS1,6,NR_024284.1,7,6,1,0,3,3,0,0,2,2,0,0
ZEB1-AS1,6,NR_148975.1,5,5,0,0,1,1,0,0,0,0,0,0
ZEB1-AS1,6,NR_148976.1,11,10,1,0,7,6,1,0,3,2,1,0
ZEB1-AS1,6,NR_148977.1,14,12,2,0,6,6,0,0,4,4,0,0
ZEB1-AS1,6,NR_148978.1,5,4,1,0,3,3,0,0,1,1,0,0
ZEB1-AS1,6,NR_148979.1,5,4,1,0,2,2,0,0,1,1,0,0
ZEB2-AS1,1,NR_040248.2,4,4,0,0,1,1,0,0,0,0,0,0
ZFAS1,5,NR_003604.3,13,11,2,0,4,2,2,0,4,3,1,0
ZFAS1,5,NR_003605.2,9,8,1,0,2,2,0,0,2,2,0,0
ZFAS1,5,NR_003606.3,12,10,2,0,4,2,2,0,4,3,1,0
ZFAS1,5,NR_036658.2,13,11,2,0,4,2,2,0,4,3,1,0
ZFAS1,5,NR_036659.2,4,4,0,0,0,0,0,0,0,0,0,0
"aHIF
",1,NR_045406.1,1,1,0,0,0,0,0,0,0,0,0,0
ASAP1-IT1,1,NR_002765.2,5,5,0,0,3,3,0,0,0,0,0,0
"C17orf91
",4,NR_028502.1,22,20,2,0,7,6,1,0,1,0,1,0
"C17orf91
",4,NR_028503.1,16,15,1,0,5,5,0,0,0,0,0,0
"C17orf91
",4,NR_028504.1,10,9,1,0,2,2,0,0,0,0,0,0
"C17orf91
",4,NR_028505.1,10,9,1,0,2,2,0,0,0,0,0,0
CACS15/CASC15,1,NR_015410.2,18,18,0,0,7,7,0,0,0,0,0,0
"CTD-2020K17.1
",1,NR_147507.1,11,8,3,0,6,4,2,0,6,3,3,0
DANCR,3,NR_024031.2,6,5,1,0,4,3,1,0,1,1,0,0
DANCR,3,NR_145129.1,7,6,1,0,3,2,1,0,0,0,0,0
DANCR,3,NR_145130.1,7,6,1,0,3,2,1,0,0,0,0,0
"DARS-AS1
",2,NR_110199.1,8,8,0,0,3,3,0,0,0,0,0,0
"DARS-AS1
",2,NR_110200.1,8,8,0,0,3,3,0,0,0,0,0,0
DNM3OS,2,NR_038397.2,22,20,2,0,6,5,1,0,1,0,1,0
DNM3OS,2,NR_103486.1,10,10,0,0,4,4,0,0,0,0,0,0
"ElncRNA1
",1,NR_123739.1,11,11,0,0,5,5,0,0,1,1,0,0
EMX2OS,2,NR_002791.2,56,55,1,0,20,19,1,0,2,1,1,0
EMX2OS,2,NR_144378.1,53,52,1,0,15,14,1,0,1,0,1,0
"EPB41L4A-AS2
",1,NR_027706.1,17,15,2,0,16,14,2,0,8,7,1,0
FAM215A,1,NR_026770.1,9,9,0,0,3,3,0,0,1,1,0,0
FAS-AS1,1,NR_028371.1,5,5,0,0,0,0,0,0,0,0,0,0
"FLJ33360
",1,NR_028351.1,15,15,0,0,2,2,0,0,0,0,0,0
"FLVCR1-AS1
",2,NR_027285.1,8,7,1,0,5,4,1,0,2,2,0,0
"FLVCR1-AS1
",2,NR_027286.1,5,4,1,0,5,4,1,0,2,2,0,0
"GEHT1
",1,NR_130107.1,10,9,1,0,5,4,1,0,2,2,0,0
"GTSE1-AS1
",1,NR_024009.1,17,14,3,0,17,17,0,0,7,7,0,0
HAGLROS,1,NR_110457.1,6,6,0,0,3,3,0,0,2,2,0,0
HAS2-AS1,1,NR_002835.2,15,14,1,0,4,3,1,0,3,1,2,0
HMMR-AS1,1,NR_109892.1,5,5,0,0,0,0,0,0,0,0,0,0
"HOST2
",1,NR_134505.1,9,9,0,0,1,1,0,0,0,0,0,0
"HOXD-AS1
",12,NR_110458.1,27,25,2,0,13,13,0,0,7,7,0,0
"HOXD-AS1
",12,NR_110459.1,25,23,2,0,9,8,1,0,8,6,2,0
"HOXD-AS1
",12,NR_110460.1,25,23,2,0,8,7,1,0,8,6,2,0
"HOXD-AS1
",12,NR_110461.1,23,22,1,0,7,7,0,0,6,6,0,0
"HOXD-AS1
",12,NR_110462.1,27,25,2,0,13,13,0,0,7,7,0,0
"HOXD-AS1
",12,NR_110463.1,25,24,1,0,8,8,0,0,6,6,0,0
"HOXD-AS1
",12,NR_110464.1,25,24,1,0,8,8,0,0,6,6,0,0
"HOXD-AS1
",12,NR_110465.1,23,21,2,0,8,7,1,0,8,6,2,0
"HOXD-AS1
",12,NR_110466.1,23,21,2,0,8,7,1,0,8,6,2,0
"HOXD-AS1
",12,NR_033979.2,22,20,2,0,9,9,0,0,6,6,0,0
"HOXD-AS1
",12,NR_110467.1,24,23,1,0,9,9,0,0,6,6,0,0
"HOXD-AS1
",12,NR_110468.1,24,23,1,0,8,8,0,0,6,6,0,0
JPX,1,NR_024582.1,15,15,0,0,2,2,0,0,0,0,0,0
KCNMA1-AS1,1,NR_120655.1,5,5,0,0,3,3,0,0,0,0,0,0
"LEF1-AS1?
",2,NR_029373.1,19,17,2,0,15,14,1,0,1,1,0,0
"LEF1-AS1?
",2,NR_029374.1,9,9,0,0,3,3,0,0,0,0,0,0
"LIMT
",7,NR_002809.3,8,7,1,0,4,3,1,0,0,0,0,0
"LIMT
",7,NR_152735.1,14,12,2,0,4,3,1,0,1,0,1,0
"LIMT
",7,NR_152736.1,8,8,0,0,2,2,0,0,0,0,0,0
"LIMT
",7,NR_152737.1,8,8,0,0,2,2,0,0,0,0,0,0
"LIMT
",7,NR_152738.1,14,12,2,0,4,3,1,0,1,0,1,0
"LIMT
",7,NR_152739.1,9,9,0,0,2,2,0,0,0,0,0,0
"LIMT
",7,NR_152740.1,15,13,2,0,4,3,1,0,1,0,1,0
LINC00092,1,NR_024129.2,19,17,2,0,9,9,0,0,0,0,0,0
"LINC00152
",5,NR_024204.2,4,4,0,0,1,1,0,0,0,0,0,0
"LINC00152
",5,NR_024205.3,6,6,0,0,3,3,0,0,0,0,0,0
"LINC00152
",5,NR_024206.2,4,4,0,0,1,1,0,0,0,0,0,0
"LINC00152
",5,NR_146460.1,4,4,0,0,0,0,0,0,0,0,0,0
"LINC00152
",5,NR_146461.1,3,3,0,0,1,1,0,0,0,0,0,0
LINC00161,2,NR_026552.2,6,6,0,0,2,2,0,0,0,0,0,0
LINC00161,2,NR_026553.2,3,3,0,0,0,0,0,0,0,0,0,0
LINC00319,1,NR_152722.1,30,30,0,0,8,8,0,0,0,0,0,0
LINC00339,6,NR_023918.2,5,5,0,0,0,0,0,0,0,0,0,0
LINC00339,6,NR_023919.2,5,5,0,0,0,0,0,0,0,0,0,0
LINC00339,6,NR_109762.1,7,7,0,0,0,0,0,0,0,0,0,0
LINC00339,6,NR_109761.1,7,7,0,0,0,0,0,0,0,0,0,0
LINC00339,6,NR_109760.1,5,5,0,0,0,0,0,0,0,0,0,0
LINC00339,6,NR_109759.1,5,5,0,0,0,0,0,0,0,0,0,0
LINC00515,1,NR_024092.2,2,2,0,0,0,0,0,0,0,0,0,0
LINC00565,1,NR_047495.1,26,25,1,0,8,7,1,0,2,1,1,0
LINC00963,1,NR_038955.1,21,20,1,0,6,6,0,0,1,1,0,0
LINC01088,1,NR_038342.1,2,2,0,0,0,0,0,0,0,0,0,0
LINC01118,1,NR_034099.1,11,10,1,0,7,6,1,0,0,0,0,0
"LINC01125
",1,NR_038386.2,8,8,0,0,0,0,0,0,0,0,0,0
LINC01127,1,NR_103791.1,10,9,1,0,6,6,0,0,0,0,0,0
LINC01210,1,NR_109987.1,5,5,0,0,2,2,0,0,0,0,0,0
"LINK-A
",1,NR_015407.1,8,8,0,0,1,1,0,0,0,0,0,0
LINP1,1,NR_138480.1,7,5,2,0,4,3,1,0,0,0,0,0
LOXL1-AS1,5,NR_040066.1,15,12,3,0,5,4,1,0,2,1,1,0
LOXL1-AS1,5,NR_040067.1,13,10,3,0,4,3,1,0,2,1,1,0
LOXL1-AS1,5,NR_040068.1,11,11,0,0,4,4,0,0,1,1,0,0
LOXL1-AS1,5,NR_040069.1,9,9,0,0,3,3,0,0,1,1,0,0
LOXL1-AS1,5,NR_040070.1,11,10,1,0,3,3,0,0,1,1,0,0
MAGI1-IT1,1,NR_145422.1,8,8,0,0,1,1,0,0,0,0,0,0
MIF-AS1,1,NR_038911.1,23,21,2,0,13,13,0,0,5,5,0,0
NBAT1,1,NR_034143.1,8,7,1,0,1,0,1,0,0,0,0,0
"NCK1-AS1
",3,NR_110175.1,9,9,0,0,3,3,0,0,0,0,0,0
"NCK1-AS1
",3,NR_110176.1,8,8,0,0,3,3,0,0,0,0,0,0
"NCK1-AS1
",3,NR_110177.1,7,7,0,0,3,3,0,0,0,0,0,0
"NR_023915
",1,NR_023915.1,10,9,1,0,4,4,0,0,1,1,0,0
"NR_038435
",1,NR_038435.1,10,9,1,0,5,4,1,0,0,0,0,0
"NR_038464
",1,NR_038464.1,12,12,0,0,1,1,0,0,0,0,0,0
"OR3A4
",1,NR_024128.1,7,6,1,0,3,3,0,0,0,0,0,0
"OVAL
",1,NR_125716.1,6,6,0,0,1,1,0,0,0,0,0,0
PCGEM1,2,NR_002769.1,7,7,0,0,0,0,0,0,0,0,0,0
PCGEM1,2,NR_152587.1,8,8,0,0,0,0,0,0,0,0,0,0
"PTAF
",1,NR_027755.1,11,11,0,0,3,3,0,0,0,0,0,0
RAD51-AS1,1,NR_040058.1,14,14,0,0,5,5,0,0,0,0,0,0
RHPN1-AS1,1,NR_026785.1,16,16,0,0,0,0,0,0,0,0,0,0
SNHG16,4,NR_038108.1,9,9,0,0,1,1,0,0,1,1,0,0
SNHG16,4,NR_038109.1,9,9,0,0,1,1,0,0,1,1,0,0
SNHG16,4,NR_038110.1,8,8,0,0,1,1,0,0,1,1,0,0
SNHG16,4,NR_038111.1,8,8,0,0,1,1,0,0,1,1,0,0
SNHG22,1,NR_117096.1,16,15,1,0,4,3,1,0,2,2,0,0
TDRG1,3,NR_160958.1,8,8,0,0,2,2,0,0,0,0,0,0
TDRG1,3,NR_160959.1,6,6,0,0,0,0,0,0,0,0,0,0
TDRG1,3,NR_160960.1,6,6,0,0,0,0,0,0,0,0,0,0
TLR8-AS1,1,NR_030727.1,13,13,0,0,1,1,0,0,0,0,0,0
UNC5B-AS1,1,NR_038453.1,5,5,0,0,7,7,0,0,0,0,0,0
WDFY3-AS2,12,NR_015359.2,9,9,0,0,2,2,0,0,0,0,0,0
WDFY3-AS2,12,NR_152771.1,11,10,1,0,4,3,1,0,1,0,1,0
WDFY3-AS2,12,NR_152772.1,11,10,1,0,4,3,1,0,1,0,1,0
WDFY3-AS2,12,NR_152773.1,13,12,1,0,4,3,1,0,1,0,1,0
WDFY3-AS2,12,NR_152774.1,11,10,1,0,4,3,1,0,1,0,1,0
WDFY3-AS2,12,NR_152775.1,11,10,1,0,4,3,1,0,1,0,1,0
WDFY3-AS2,12,NR_152776.1,11,11,0,0,2,2,0,0,0,0,0,0
WDFY3-AS2,12,NR_152778.1,9,9,0,0,2,2,0,0,0,0,0,0
WDFY3-AS2,12,NR_152779.1,7,7,0,0,2,2,0,0,0,0,0,0
WDFY3-AS2,12,NR_152780.1,10,10,0,0,2,2,0,0,0,0,0,0
WDFY3-AS2,12,NR_152781.1,10,10,0,0,2,2,0,0,0,0,0,0
WDFY3-AS2,12,NR_152782.1,9,9,0,0,2,2,0,0,0,0,0,0
ZNF300P1,1,NR_026867.1,8,8,0,0,0,0,0,0,0,0,0,0
ADARB2-AS1,2,NR_033387.2,2,2,0,0,1,1,0,0,1,1,0,0
ADARB2-AS1,2,NR_152792.1,2,2,0,0,0,0,0,0,0,0,0,0
ANRIL,14,NR_003529.3,21,21,0,0,1,1,0,0,0,0,0,0
ANRIL,14,NR_047532.1,16,16,0,0,1,1,0,0,0,0,0,0
ANRIL,14,NR_047543.1,10,10,0,0,0,0,0,0,0,0,0,0
ANRIL,14,NR_047534.1,10,10,0,0,1,1,0,0,0,0,0,0
ANRIL,14,NR_047535.1,9,9,0,0,0,0,0,0,0,0,0,0
ANRIL,14,NR_047536.1,7,7,0,0,0,0,0,0,0,0,0,0
ANRIL,14,NR_047537.1,9,9,0,0,0,0,0,0,0,0,0,0
ANRIL,14,NR_047538.1,7,7,0,0,0,0,0,0,0,0,0,0
ANRIL,14,NR_047539.1,17,17,0,0,0,0,0,0,0,0,0,0
ANRIL,14,NR_047540.1,10,10,0,0,0,0,0,0,0,0,0,0
ANRIL,14,NR_047541.1,10,10,0,0,0,0,0,0,0,0,0,0
ANRIL,14,NR_047542.1,8,8,0,0,0,0,0,0,0,0,0,0
ANRIL,14,NR_047533.1,6,6,0,0,0,0,0,0,0,0,0,0
ANRIL,14,NR_120536.1,6,6,0,0,0,0,0,0,0,0,0,0
CUDR ,1,NR_015379.3,10,10,0,0,3,3,0,0,0,0,0,0
DIO3OS,6,NR_152588.1,6,6,0,0,0,0,0,0,0,0,0,0
DIO3OS,6,NR_152589.1,6,6,0,0,0,0,0,0,0,0,0,0
DIO3OS,6,NR_152590.1,17,15,2,0,11,10,1,0,4,3,1,0
DIO3OS,6,NR_152591.1,6,6,0,0,0,0,0,0,0,0,0,0
DIO3OS,6,NR_152592.1,21,19,2,0,14,13,1,0,5,4,1,0
DIO3OS,6,NR_152593.1,9,9,0,0,3,3,0,0,1,1,0,0
DLEU1 (aka DLEU2),3,NR_109973.1,10,10,0,0,2,2,0,0,1,1,0,0
DLEU1 (aka DLEU2),3,NR_002605.2,9,9,0,0,2,2,0,0,1,1,0,0
DLEU1 (aka DLEU2),3,NR_109974.1,8,8,0,0,2,2,0,0,0,0,0,0
DNAH17-AS1,1,NR_102401.1,55,50,4,1,24,22,2,0,7,4,3,0
EPIC1,1,NR_122046.1,12,12,0,0,4,4,0,0,0,0,0,0
F11-AS1,2,NR_033901.2,8,8,0,0,0,0,0,0,0,0,0,0
F11-AS1,2,NR_033900.1,4,4,0,0,0,0,0,0,0,0,0,0
GLIS3-AS1,1,NR_026663.1,5,5,0,0,1,1,0,0,0,0,0,0
HMGA2-AS1,3,NR_158984.1,28,27,1,0,7,7,0,0,2,2,0,0
HMGA2-AS1,3,NR_158985.1,9,8,1,0,1,1,0,0,0,0,0,0
HMGA2-AS1,3,NR_120478.1,5,5,0,0,1,1,0,0,0,0,0,0
HMLINCRNA717,1,NR_120598.1,7,7,0,0,1,1,0,0,0,0,0,0
HOST2,1,NR_134505.1,9,9,0,0,1,1,0,0,0,0,0,0
IRAIN,1,NR_126453.1,52,38,11,3,43,33,9,1,18,10,7,1
ITGB2-AS1,6,NR_038311.1,29,26,3,0,9,7,2,0,3,2,1,0
ITGB2-AS1,6,NR_038312.1,28,25,3,0,9,7,2,0,3,2,1,0
ITGB2-AS1,6,NR_038313.1,29,27,2,0,8,6,2,0,3,2,1,0
ITGB2-AS1,6,NR_038314.1,28,26,2,0,8,6,2,0,3,2,1,0
ITGB2-AS1,6,NR_038315.1,29,26,3,0,8,6,2,0,3,2,1,0
ITGB2-AS1,6,NR_038316.1,29,26,3,0,8,6,2,0,3,2,1,0
LINC00162,1,NR_024089.2,10,9,1,0,5,4,1,0,0,0,0,0
LINC00226,1,NR_033375.2,5,5,0,0,2,2,0,0,0,0,0,0
LINC00346,1,NR_027701.1,52,45,7,0,31,28,3,0,11,10,1,0
LINC00462,1,NR_051983.1,7,7,0,0,3,3,0,0,0,0,0,0
LINC00578,1,NR_047568.1,11,11,0,0,1,1,0,0,0,0,0,0
"LINC00657
",1,NR_027451.1,30,25,5,0,19,13,6,0,6,4,2,0
LINC00663,1,NR_026956.1,22,22,0,0,8,8,0,0,1,1,0,0
LINC00671,1,NR_027254.1,16,13,3,0,10,10,0,0,1,1,0,0
LINC00960,2,NR_040004.1,13,13,0,0,1,1,0,0,0,0,0,0
LINC00960,2,NR_040005.1,14,14,0,0,1,1,0,0,0,0,0,0
LINC00976,1,NR_145483.1,2,1,1,0,0,0,0,0,0,0,0,0
LINC00994,1,NR_033978.1,15,14,1,0,4,3,1,0,1,1,0,0
LINC01006,2,NR_026865.2,30,28,2,0,10,9,1,0,3,3,0,0
LINC01006,2,NR_103858.1,6,6,0,0,1,1,0,0,0,0,0,0
LINC01060,1,NR_033869.1,1,1,0,0,0,0,0,0,0,0,0,0
LINC01111,1,NR_105006.1,3,3,0,0,1,1,0,0,0,0,0,0
LINC01121,1,NR_033831.1,11,11,0,0,2,2,0,0,0,0,0,0
LINC01638,1,NR_171021.1,3,3,0,0,1,1,0,0,0,0,0,0
LOC389641,1,NR_033928.1,13,13,0,0,6,6,0,0,0,0,0,0
MCM3AP-AS1,4,NR_110565.1,9,9,0,0,0,0,0,0,0,0,0,0
MCM3AP-AS1,4,NR_002776.4,9,9,0,0,0,0,0,0,0,0,0,0
MCM3AP-AS1,4,NR_110566.1,10,10,0,0,1,1,0,0,0,0,0,0
MCM3AP-AS1,4,NR_110567.1,11,11,0,0,2,2,0,0,0,0,0,0
MEG8,1,NR_146000.1,34,33,1,0,8,7,1,0,1,1,0,0
MSC-AS1,2,NR_033652.1,17,17,0,0,2,2,0,0,1,1,0,0
MSC-AS1,2,NR_033651.1,13,13,0,0,2,2,0,0,1,1,0,0
"NR_036488
",1,NR_036488.1,23,22,1,0,7,6,1,0,1,0,1,0
PXN-AS1,1,NR_038924.1,8,8,0,0,4,4,0,0,0,0,0,0
RP11-567G11.1,1,NR_146716.2,5,5,0,0,0,0,0,0,0,0,0,0
SLC7A11-AS1,1,NR_038380.1,18,18,0,0,3,3,0,0,0,0,0,0
SNHG9,1,NR_003142.2,1,1,0,0,0,0,0,0,1,1,0,0
THAP9-AS1,3,NR_034075.1,12,12,0,0,7,7,0,0,0,0,0,0
THAP9-AS1,3,NR_034076.1,12,12,0,0,7,7,0,0,0,0,0,0
THAP9-AS1,3,NR_034077.1,10,10,0,0,6,6,0,0,0,0,0,0
ANRASSF1,1,NR_109831.1,11,8,3,0,4,3,1,0,2,2,0,0
ASB16-AS1,2,NR_049729.1,20,19,1,0,3,3,0,0,0,0,0,0
ASB16-AS1,2,NR_049730.1,4,4,0,0,0,0,0,0,0,0,0,0
BCYRN1,1,NR_001568.1,2,2,0,0,2,2,0,0,0,0,0,0
C5orf66-AS1,2,NR_105049.1,9,8,1,0,2,1,1,0,3,3,0,0
C5orf66-AS1,2,NR_105050.1,9,8,1,0,2,1,1,0,2,2,0,0
CALML3-AS1,2,NR_120496.1,29,28,1,0,5,5,0,0,3,3,0,0
CALML3-AS1,2,NR_120497.1,28,27,1,0,5,5,0,0,3,3,0,0
CASC15,1,NR_015410.2,18,18,0,0,7,7,0,0,0,0,0,0
CCEPR,1,NR_131782.1,17,17,0,0,7,7,0,0,0,0,0,0
DDN-AS1,2,NR_147178.1,18,15,2,1,11,8,3,0,5,4,1,0
DDN-AS1,2,NR_147179.1,16,13,2,1,11,8,3,0,5,4,1,0
DLG1-AS1,1,NR_038289.1,13,12,0,1,3,2,1,0,1,0,1,0
GAS5-AS1,1,NR_037605.1,2,2,0,0,0,0,0,0,0,0,0,0
GATA6-AS,1,NR_102763.1,14,12,2,0,12,10,2,0,4,4,0,0
HIPK1-AS,2,NR_110725.1,17,17,0,0,6,6,0,0,0,0,0,0
HIPK1-AS,2,NR_110726.1,6,6,0,0,3,3,0,0,0,0,0,0
HOXD-AS1 (HAGLR),12,NR_110458.1,27,25,2,0,13,13,0,0,7,7,0,0
HOXD-AS1 (HAGLR),12,NR_110459.1,25,23,2,0,9,8,1,0,8,6,2,0
HOXD-AS1 (HAGLR),12,NR_110460.1,25,23,2,0,8,7,1,0,8,6,2,0
HOXD-AS1 (HAGLR),12,NR_110461.1,23,22,1,0,7,7,0,0,6,6,0,0
HOXD-AS1 (HAGLR),12,NR_110462.1,27,25,2,0,13,13,0,0,7,7,0,0
HOXD-AS1 (HAGLR),12,NR_110463.1,25,24,1,0,8,8,0,0,6,6,0,0
HOXD-AS1 (HAGLR),12,NR_110464.1,25,24,1,0,8,8,0,0,6,6,0,0
HOXD-AS1 (HAGLR),12,NR_110465.1,23,21,2,0,8,7,1,0,8,6,2,0
HOXD-AS1 (HAGLR),12,NR_110466.1,23,21,2,0,8,7,1,0,8,6,2,0
HOXD-AS1 (HAGLR),12,NR_033979.2,22,20,2,0,9,9,0,0,6,6,0,0
HOXD-AS1 (HAGLR),12,NR_110467.1,24,23,1,0,9,9,0,0,6,6,0,0
HOXD-AS1 (HAGLR),12,NR_110468.1,24,23,1,0,8,8,0,0,6,6,0,0
LINC-POU3F3 PANTRI1,4,NR_037883.1,13,12,1,0,2,2,0,0,0,0,0,0
LINC-POU3F3 PANTRI1,4,NR_131233.1,5,5,0,0,0,0,0,0,0,0,0,0
LINC-POU3F3 PANTRI1,4,NR_131234.1,6,6,0,0,0,0,0,0,0,0,0,0
LINC-POU3F3 PANTRI1,4,NR_131235.1,6,6,0,0,0,0,0,0,0,0,0,0
LINC00052,1,NR_026869.1,5,5,0,0,5,5,0,0,0,0,0,0
LINC00152 CYTOR,5,NR_024204.2,4,4,0,0,1,1,0,0,0,0,0,0
LINC00152 CYTOR,5,NR_024205.3,6,6,0,0,3,3,0,0,0,0,0,0
LINC00152 CYTOR,5,NR_024206.2,4,4,0,0,1,1,0,0,0,0,0,0
LINC00152 CYTOR,5,NR_146460.1,4,4,0,0,0,0,0,0,0,0,0,0
LINC00152 CYTOR,5,NR_146461.1,3,3,0,0,1,1,0,0,0,0,0,0
LINC00277 EWSAT1,1,NR_026949.1,15,14,1,0,7,6,1,0,4,3,1,0
LINC00518,1,NR_027793.1,8,8,0,0,0,0,0,0,0,0,0,0
LINC00958 BLACAT2,1,NR_038904.1,10,10,0,0,2,2,0,0,0,0,0,0
LINC01101,1,NR_027181.1,24,24,0,0,11,11,0,0,0,0,0,0
LINC01139,1,NR_015407.1,8,8,0,0,1,1,0,0,0,0,0,0
LINC01305,1,NR_038897.1,27,22,5,0,15,12,3,0,7,4,3,0
LINC01535,3,NR_110718.1,17,17,0,0,4,4,0,0,0,0,0,0
LINC01535,3,NR_110719.1,5,5,0,0,1,1,0,0,0,0,0,0
LINC01535,3,NR_110720.2,6,6,0,0,1,1,0,0,0,0,0,0
LINC01783,1,NR_135764.1,16,14,2,0,7,7,0,0,4,4,0,0
lnc-LIF-AS,1,NR_149070.1,7,7,0,0,1,1,0,0,0,0,0,0
lncRNA-CTS,1,NR_038940.1,10,10,0,0,3,3,0,0,1,1,0,0
lncRNA-LET,1,NR_103844.1,13,13,0,0,5,5,0,0,1,1,0,0
lncRNA-MIF ODC1-DT       ,1,NR_110597.1,6,6,0,0,0,0,0,0,0,0,0,0
lncRNA-NEF,1,NR_109883.1,4,4,0,0,1,1,0,0,0,0,0,0
lncRNA-SRA1 LINC00673,5,NR_137281.2,26,24,2,0,9,7,2,0,1,0,1,0
lncRNA-SRA1 LINC00673,5,NR_137280.2,25,23,2,0,9,7,2,0,1,0,1,0
lncRNA-SRA1 LINC00673,5,NR_036488.1,23,22,1,0,7,6,1,0,1,0,1,0
lncRNA-SRA1 LINC00673,5,NR_152515.1,23,22,1,0,7,6,1,0,1,0,1,0
lncRNA-SRA1 LINC00673,5,NR_152516.1,27,25,2,0,11,9,2,0,1,0,1,0
loc285194 TUSC7,1,NR_015391.1,9,9,0,0,3,3,0,0,1,1,0,0
LOC554202 (MIR31HG),4,NR_027054.2,20,19,1,0,8,7,1,0,1,0,1,0
LOC554202 (MIR31HG),4,NR_152877.1,13,13,0,0,3,3,0,0,0,0,0,0
LOC554202 (MIR31HG),4,NR_152878.1,12,12,0,0,3,3,0,0,0,0,0,0
LOC554202 (MIR31HG),4,NR_152879.1,19,18,1,0,8,7,1,0,1,0,1,0
MFI2-AS1 MELTF-AS1,1,NR_038285.1,8,7,1,0,2,1,1,0,2,2,0,0
MIR205HG,5,NR_145437.1,5,4,1,0,1,1,0,0,0,0,0,0
MIR205HG,5,NR_145433.1,5,4,1,0,1,1,0,0,0,0,0,0
MIR205HG,5,NR_145434.1,6,5,1,0,1,1,0,0,0,0,0,0
MIR205HG,5,NR_145435.1,6,5,1,0,1,1,0,0,0,0,0,0
MIR205HG,5,NR_145436.1,4,3,1,0,1,1,0,0,0,0,0,0
MIR210HG,1,NR_038262.1,29,26,3,0,16,15,1,0,4,2,2,0
NR_024008.1 WWC2-AS2,1,NR_024008.1,28,26,2,0,19,19,0,0,3,3,0,0
NR_034077.1 THAP9-AS1_Variant 3,1,NR_034077.1,10,10,0,0,6,6,0,0,0,0,0,0
NR_037645.1 TMX2_Variant 4,1,NR_037645.1,14,14,0,0,5,5,0,0,2,2,0,0
NR_037793.1 LRR1_Variant 5,1,NR_037793.1,9,9,0,0,2,2,0,0,0,0,0,0
NR_038940.1  SH3PXD2A-AS1,1,NR_038940.1,10,10,0,0,3,3,0,0,1,1,0,0
NR_047677.1  TARS1_Variant 5,1,NR_047677.1,21,21,0,0,2,2,0,0,1,1,0,0
PTCSC3,1,NR_049735.2,8,8,0,0,1,1,0,0,1,1,0,0
SNHG4,2,NR_003141.3,10,10,0,0,4,4,0,0,4,4,0,0
SNHG4,2,NR_036536.1,8,8,0,0,3,3,0,0,0,0,0,0
SNHG8,3,NR_003584.3,5,4,1,0,6,6,0,0,0,0,0,0
SNHG8,3,NR_034010.1,4,3,1,0,5,5,0,0,0,0,0,0
SNHG8,3,NR_034011.1,2,2,0,0,2,2,0,0,0,0,0,0
SOX2OT,6,NR_075091.1,18,18,0,0,10,10,0,0,1,1,0,0
SOX2OT,6,NR_075092.1,16,16,0,0,10,10,0,0,1,1,0,0
SOX2OT,6,NR_075093.1,13,13,0,0,1,1,0,0,1,1,0,0
SOX2OT,6,NR_004053.3,16,16,0,0,9,9,0,0,1,1,0,0
SOX2OT,6,NR_075089.1,15,15,0,0,9,9,0,0,1,1,0,0
SOX2OT,6,NR_075090.1,11,11,0,0,0,0,0,0,0,0,0,0
STXBP5-AS1,1,NR_034115.1,14,13,0,1,7,6,1,0,1,1,0,0
TOB1-AS1,1,NR_038458.1,14,9,4,1,8,6,2,0,7,5,2,0
TUSC8,1,NR_104174.1,9,9,0,0,3,3,0,0,2,2,0,0
WT1-AS,5,NR_120546.1,32,29,2,1,18,17,1,0,4,3,1,0
WT1-AS,5,NR_120547.1,24,22,1,1,9,8,1,0,3,2,1,0
WT1-AS,5,NR_023920.2,13,11,1,1,5,4,1,0,3,2,1,0
WT1-AS,5,NR_120548.1,13,12,1,0,5,4,1,0,2,1,1,0
WT1-AS,5,NR_120549.1,10,9,1,0,8,7,1,0,2,1,1,0
XLOC_000303 SLC44A3-AS1,7,NR_104131.2,7,7,0,0,1,1,0,0,0,0,0,0
XLOC_000303 SLC44A3-AS1,7,NR_160779.1,26,26,0,0,12,12,0,0,0,0,0,0
XLOC_000303 SLC44A3-AS1,7,NR_160780.1,26,26,0,0,12,12,0,0,0,0,0,0
XLOC_000303 SLC44A3-AS1,7,NR_160781.1,6,6,0,0,1,1,0,0,0,0,0,0
XLOC_000303 SLC44A3-AS1,7,NR_160782.1,7,7,0,0,1,1,0,0,0,0,0,0
XLOC_000303 SLC44A3-AS1,7,NR_160783.1,5,5,0,0,1,1,0,0,0,0,0,0
XLOC_000303 SLC44A3-AS1,7,NR_160784.1,4,4,0,0,1,1,0,0,0,0,0,0
ZNF667-AS1,2,NR_036521.1,10,9,1,0,3,2,1,0,2,2,0,0
ZNF667-AS1,2,NR_036522.1,5,4,1,0,2,1,1,0,2,2,0,0
AFDN-DT,1,NR_027906.1,25,14,11,0,49,46,3,0,2,1,1,0
AKR7L,2,NR_040288.2,19,18,1,0,9,9,0,0,0,0,0,0
AKR7L,2,NR_040289.2,15,15,0,0,9,9,0,0,0,0,0,0
AP5M1,1,NR_026895.2,20,20,0,0,3,3,0,0,0,0,0,0
ARAP1-AS1,1,NR_161388.1,61,58,3,0,27,26,1,0,1,1,0,0
ARHGAP27P1,1,NR_027487.2,35,28,7,0,25,20,5,0,7,5,2,0
ARHGAP5-AS1,1,NR_027263.1,6,5,1,0,4,4,0,0,0,0,0,0
AWPPH,8,NR_015395.2,23,23,0,0,6,6,0,0,0,0,0,0
AWPPH,8,NR_024373.2,5,5,0,0,4,4,0,0,0,0,0,0
AWPPH,8,NR_136161.1,10,10,0,0,5,5,0,0,0,0,0,0
AWPPH,8,NR_136162.1,24,24,0,0,6,6,0,0,0,0,0,0
AWPPH,8,NR_136163.1,15,15,0,0,5,5,0,0,0,0,0,0
AWPPH,8,NR_136164.1,10,10,0,0,4,4,0,0,0,0,0,0
AWPPH,8,NR_136165.1,8,8,0,0,4,4,0,0,0,0,0,0
AWPPH,8,NR_136166.1,21,21,0,0,6,6,0,0,0,0,0,0
BLACAT2,1,NR_038904.1,10,10,0,0,2,2,0,0,0,0,0,0
BNC2-AS1,1,NR_151723.1,4,4,0,0,1,1,0,0,0,0,0,0
C21orF96,1,NR_026812.1,10,9,1,0,3,2,1,0,0,0,0,0
CARLo-5,1,NR_108049.1,9,9,0,0,1,1,0,0,0,0,0,0
CBR3-AS1,3,NR_038892.1,10,10,0,0,0,0,0,0,0,0,0,0
CBR3-AS1,3,NR_038893.1,9,9,0,0,0,0,0,0,0,0,0,0
CBR3-AS1,3,NR_038894.1,6,6,0,0,0,0,0,0,0,0,0,0
CCDC26,4,NR_130917.1,5,5,0,0,3,3,0,0,0,0,0,0
CCDC26,4,NR_130918.1,6,6,0,0,3,3,0,0,0,0,0,0
CCDC26,4,NR_130919.1,7,7,0,0,4,4,0,0,0,0,0,0
CCDC26,4,NR_130920.1,7,7,0,0,4,4,0,0,0,0,0,0
CCHE1,1,NR_131782.1,17,17,0,0,7,7,0,0,0,0,0,0
CEBPA-AS1,3,NR_026887.2,32,26,5,1,21,18,3,0,8,6,2,0
CEBPA-AS1,3,NR_027118.2,21,20,1,0,8,8,0,0,2,2,0,0
CEBPA-AS1,3,NR_027119.2,7,7,0,0,0,0,0,0,0,0,0,0
CERNA2,1,NR_134505.1,9,9,0,0,1,1,0,0,0,0,0,0
CTC-497E21.4,2,NR_105049.1,9,8,1,0,2,1,1,0,3,3,0,0
CTC-497E21.4,2,NR_105050.1,9,8,1,0,2,1,1,0,2,2,0,0
DCST1-AS1,2,NR_040772.1,18,17,1,0,14,14,0,0,1,1,0,0
DCST1-AS1,2,NR_040773.1,13,12,1,0,5,5,0,0,1,1,0,0
DGCR9,5,NR_002733.2,32,29,3,0,17,16,1,0,6,6,0,0
DGCR9,5,NR_045121.1,32,29,3,0,17,16,1,0,6,6,0,0
DGCR9,5,NR_110533.1,11,11,0,0,5,5,0,0,0,0,0,0
DGCR9,5,NR_026651.1,7,5,2,0,2,1,1,0,2,0,2,0
DGCR9,5,NR_024159.1,28,25,3,0,17,16,1,0,3,3,0,0
DINO,1,NR_144384.1,8,8,0,0,4,4,0,0,0,0,0,0
DKFZP434K028,1,NR_026882.1,10,8,2,0,8,8,0,0,3,3,0,0
DLEU2,7,NR_152566.1,20,18,1,1,8,7,1,0,1,0,1,0
DLEU2,7,NR_152567.1,2,2,0,0,0,0,0,0,0,0,0,0
DLEU2,7,NR_152568.1,2,2,0,0,0,0,0,0,0,0,0,0
DLEU2,7,NR_152569.1,2,2,0,0,0,0,0,0,0,0,0,0
DLEU2,7,NR_152571.1,8,8,0,0,0,0,0,0,0,0,0,0
DLEU2,7,NR_152570.1,2,2,0,0,0,0,0,0,0,0,0,0
DLEU2,7,NR_152572.1,8,8,0,0,0,0,0,0,0,0,0,0
DRAIC,1,NR_026979.1,10,10,0,0,5,5,0,0,0,0,0,0
EGFLAM-AS1,1,NR_046737.1,2,2,0,0,0,0,0,0,0,0,0,0
EGFR-AS1,1,NR_047551.1,23,19,4,0,11,9,2,0,3,1,2,0
EGOT,1,NR_004428.1,10,9,1,0,5,5,0,0,0,0,0,0
FAL1,1,NR_051960.1,8,8,0,0,1,1,0,0,1,1,0,0
FALEC,1,NR_051960.1,8,8,0,0,1,1,0,0,1,1,0,0
FLVCR1-AS1,2,NR_027285.1,8,7,1,0,5,4,1,0,2,2,0,0
FLVCR1-AS1,2,NR_027286.1,5,4,1,0,5,4,1,0,2,2,0,0
FOXCUT,1,NR_125804.1,15,13,2,0,6,6,0,0,3,2,1,0
GACAT1,2,NR_126369.1,2,2,0,0,0,0,0,0,0,0,0,0
GACAT1,2,NR_126370.1,1,1,0,0,0,0,0,0,0,0,0,0
GACAT2,2,NR_120598.1,7,7,0,0,1,1,0,0,0,0,0,0
GACAT2,2,NR_126559.1,6,6,0,0,0,0,0,0,0,0,0,0
GAS6-AS1,1,NR_044995.2,15,15,0,0,9,9,0,0,2,2,0,0
"GASL1
",1,NR_149020.1,45,37,6,2,18,12,5,1,14,10,3,1
GATA6-AS1,1,NR_102763.1,14,12,2,0,12,10,2,0,4,4,0,0
GCAWKR,8,NR_160702.1,4,3,1,0,0,0,0,0,0,0,0,0
GCAWKR,8,NR_160703.1,22,19,3,0,10,8,2,0,2,2,0,0
GCAWKR,8,NR_160704.1,20,19,1,0,5,4,1,0,4,3,1,0
GCAWKR,8,NR_160705.1,27,23,4,0,13,11,2,0,5,5,0,0
GCAWKR,8,NR_160706.1,25,21,4,0,13,11,2,0,5,5,0,0
GCAWKR,8,NR_160707.1,10,9,1,0,4,4,0,0,3,3,0,0
GCAWKR,8,NR_160708.1,16,15,1,0,7,7,0,0,4,4,0,0
GCAWKR,8,NR_160709.1,22,20,2,0,10,9,1,0,3,3,0,0
GCRL1,2,NR_170991.1,16,16,0,0,2,2,0,0,1,1,0,0
GCRL1,2,NR_170992.1,16,16,0,0,2,2,0,0,1,1,0,0
HCG11,1,NR_026790.1,35,31,4,0,26,23,3,0,4,4,0,0
HCG18,4,NR_024052.2,46,39,7,0,32,31,1,0,6,6,0,0
HCG18,4,NR_024053.2,45,38,7,0,32,31,1,0,6,6,0,0
HCG18,4,NR_102326.1,56,48,8,0,35,33,2,0,8,8,0,0
HCG18,4,NR_102327.1,30,24,6,0,27,26,1,0,7,7,0,0
HOXC-AS1,1,NR_047504.1,4,3,1,0,2,1,1,0,0,0,0,0
HOXC-AS3,1,NR_047506.1,3,3,0,0,1,1,0,0,0,0,0,0
HOXD-AS1,12,NR_110458.1,27,25,2,0,13,13,0,0,7,7,0,0
HOXD-AS1,12,NR_110459.1,25,23,2,0,9,8,1,0,8,6,2,0
HOXD-AS1,12,NR_110460.1,25,23,2,0,8,7,1,0,8,6,2,0
HOXD-AS1,12,NR_110461.1,23,22,1,0,7,7,0,0,6,6,0,0
HOXD-AS1,12,NR_110462.1,27,25,2,0,13,13,0,0,7,7,0,0
HOXD-AS1,12,NR_110463.1,25,24,1,0,8,8,0,0,6,6,0,0
HOXD-AS1,12,NR_110464.1,25,24,1,0,8,8,0,0,6,6,0,0
HOXD-AS1,12,NR_110465.1,23,21,2,0,8,7,1,0,8,6,2,0
HOXD-AS1,12,NR_110466.1,23,21,2,0,8,7,1,0,8,6,2,0
HOXD-AS1,12,NR_033979.2,22,20,2,0,9,9,0,0,6,6,0,0
HOXD-AS1,12,NR_110467.1,24,23,1,0,9,9,0,0,6,6,0,0
HOXD-AS1,12,NR_110468.1,24,23,1,0,8,8,0,0,6,6,0,0
HRCEG,1,NR_033374.1,30,29,1,0,10,10,0,0,1,1,0,0
IGF2AS,2,NR_028043.2,27,24,3,0,17,16,1,0,7,7,0,0
IGF2AS,2,NR_133657.1,27,24,3,0,17,16,1,0,7,7,0,0
IGFL2-AS1,1,NR_135234.1,9,9,0,0,1,1,0,0,0,0,0,0
ILF3-AS1,1,NR_024333.1,19,19,0,0,9,9,0,0,0,0,0,0
INHBA-AS1,2,NR_027118.2,21,20,1,0,8,8,0,0,2,2,0,0
INHBA-AS1,2,NR_027119.2,7,7,0,0,0,0,0,0,0,0,0,0
INTS7,1,NR_037667.2,20,20,0,0,6,6,0,0,1,1,0,0
"KCNKI5-ASI
",1,NR_132377.1,9,9,0,0,4,4,0,0,0,0,0,0
KRTAP5-AS1,1,NR_021489.2,26,26,0,0,9,9,0,0,3,3,0,0
LBX2-AS1,2,NR_024606.2,23,20,3,0,9,7,2,0,6,5,1,0
LBX2-AS1,2,NR_152616.1,15,13,2,0,6,5,1,0,4,4,0,0
LINC-UBC1,1,NR_103783.1,21,21,0,0,7,7,0,0,3,3,0,0
LINC-UFC1,1,NR_156734.1,20,20,0,0,6,6,0,0,0,0,0,0
LINC00152,5,NR_024204.2,4,4,0,0,1,1,0,0,0,0,0,0
LINC00152,5,NR_024205.3,6,6,0,0,3,3,0,0,0,0,0,0
LINC00152,5,NR_024206.2,4,4,0,0,1,1,0,0,0,0,0,0
LINC00152,5,NR_146460.1,4,4,0,0,0,0,0,0,0,0,0,0
LINC00152,5,NR_146461.1,3,3,0,0,1,1,0,0,0,0,0,0
LINC00165,1,NR_170266.1,7,7,0,0,4,4,0,0,0,0,0,0
LINC00337,1,NR_103534.1,17,17,0,0,5,5,0,0,0,0,0,0
"LINC00346
",1,NR_027701.1,52,45,7,0,31,28,3,0,11,10,1,0
LINC00365,1,NR_046998.1,15,15,0,0,9,9,0,0,1,1,0,0
LINC00441,1,NR_046414.2,10,8,2,0,6,5,1,0,2,2,0,0
LINC00470,4,NR_023925.1,7,7,0,0,1,1,0,0,0,0,0,0
LINC00470,4,NR_023926.1,7,7,0,0,1,1,0,0,0,0,0,0
LINC00470,4,NR_023927.1,7,7,0,0,1,1,0,0,0,0,0,0
LINC00470,4,NR_110327.1,7,7,0,0,1,1,0,0,0,0,0,0
LINC00477?,1,NR_029451.2,11,11,0,0,4,4,0,0,1,1,0,0
LINC00619,1,NR_033923.1,3,2,1,0,2,2,0,0,0,0,0,0
LINC00628,1,NR_027022.1,12,11,1,0,9,9,0,0,0,0,0,0
LINC00629,1,NR_038998.1,4,4,0,0,1,1,0,0,1,1,0,0
LINC00665,2,NR_038278.1,16,15,1,0,7,7,0,0,0,0,0,0
LINC00665,2,NR_038279.1,8,7,1,0,2,2,0,0,0,0,0,0
LINC00668,1,NR_034100.1,15,13,2,0,5,3,2,0,1,0,1,0
LINC00673,5,NR_137281.2,26,24,2,0,9,7,2,0,1,0,1,0
LINC00673,5,NR_137280.2,25,23,2,0,9,7,2,0,1,0,1,0
LINC00673,5,NR_036488.1,23,22,1,0,7,6,1,0,1,0,1,0
LINC00673,5,NR_152515.1,23,22,1,0,7,6,1,0,1,0,1,0
LINC00673,5,NR_152516.1,27,25,2,0,11,9,2,0,1,0,1,0
LINC00682,1,NR_104143.1,15,13,2,0,7,7,0,0,0,0,0,0
LINC00691,1,NR_026834.1,13,12,1,0,4,4,0,0,2,2,0,0
LINC00703,3,NR_108054.1,10,10,0,0,3,3,0,0,0,0,0,0
LINC00703,3,NR_108055.1,9,9,0,0,3,3,0,0,0,0,0,0
LINC00703,3,NR_108056.1,9,9,0,0,3,3,0,0,0,0,0,0
LINC00857,1,NR_038464.1,12,12,0,0,1,1,0,0,0,0,0,0
LINC00941,1,NR_040245.1,10,9,1,0,3,3,0,0,1,1,0,0
LINC00958,1,NR_038904.1,10,10,0,0,2,2,0,0,0,0,0,0
LINC00974,1,NR_038442.1,12,12,0,0,4,4,0,0,1,1,0,0
LINC00978,8,NR_015395.2,23,23,0,0,6,6,0,0,0,0,0,0
LINC00978,8,NR_024373.2,5,5,0,0,4,4,0,0,0,0,0,0
LINC00978,8,NR_136161.1,10,10,0,0,5,5,0,0,0,0,0,0
LINC00978,8,NR_136162.1,24,24,0,0,6,6,0,0,0,0,0,0
LINC00978,8,NR_136163.1,15,15,0,0,5,5,0,0,0,0,0,0
LINC00978,8,NR_136164.1,10,10,0,0,4,4,0,0,0,0,0,0
LINC00978,8,NR_136165.1,8,8,0,0,4,4,0,0,0,0,0,0
LINC00978,8,NR_136166.1,21,21,0,0,6,6,0,0,0,0,0,0
LINC00982,2,NR_015440.1,46,37,7,2,27,25,2,0,16,14,2,0
LINC00982,2,NR_024371.1,9,9,0,0,3,3,0,0,1,1,0,0
LINC01071,1,NR_104174.1,9,9,0,0,3,3,0,0,2,2,0,0
"LINC01225
",1,NR_034112.2,22,22,0,0,5,5,0,0,0,0,0,0
LINC01272,2,NR_170991.1,16,16,0,0,2,2,0,0,1,1,0,0
LINC01272,2,NR_170992.1,16,16,0,0,2,2,0,0,1,1,0,0
LINC01303,2,NR_110416.1,37,33,4,0,25,22,3,0,4,2,2,0
LINC01303,2,NR_110417.1,1,1,0,0,0,0,0,0,0,0,0,0
LINC01419,1,NR_122034.1,3,3,0,0,0,0,0,0,0,0,0,0
LINC01436,1,NR_110419.1,9,9,0,0,5,5,0,0,0,0,0,0
LINC01606,1,NR_038235.2,7,6,1,0,0,0,0,0,0,0,0,0
LINC01793,1,NR_110219.1,4,4,0,0,0,0,0,0,0,0,0,0
LINC01939,1,NR_110179.1,6,6,0,0,3,3,0,0,2,2,0,0
LINC02407,1,NR_146531.1,8,8,0,0,1,1,0,0,0,0,0,0
LINC02465,1,NR_151713.1,10,10,0,0,3,3,0,0,0,0,0,0
LINC02532,3,NR_033557.2,12,12,0,0,1,1,0,0,0,0,0,0
LINC02532,3,NR_147986.1,7,7,0,0,1,1,0,0,0,0,0,0
LINC02532,3,NR_147987.1,6,6,0,0,2,2,0,0,0,0,0,0
"lnc01614
",1,NR_132383.1,12,12,0,0,3,3,0,0,2,2,0,0
lncRNA-AP001631.9,1,NR_133677.1,4,4,0,0,1,1,0,0,0,0,0,0
LOC100130476,1,NR_049793.1,12,12,0,0,2,2,0,0,1,1,0,0
LOC101927497,3,NR_110086.1,5,5,0,0,2,2,0,0,0,0,0,0
LOC101927497,3,NR_110087.1,3,3,0,0,0,0,0,0,0,0,0,0
LOC101927497,3,NR_110088.1,3,3,0,0,0,0,0,0,0,0,0,0
LOC285194,1,NR_015391.1,9,9,0,0,3,3,0,0,1,1,0,0
LOC553103,1,NR_110997.1,13,11,2,0,6,6,0,0,1,1,0,0
LOC554202,4,NR_027054.2,20,19,1,0,8,7,1,0,1,0,1,0
LOC554202,4,NR_152877.1,13,13,0,0,3,3,0,0,0,0,0,0
LOC554202,4,NR_152878.1,12,12,0,0,3,3,0,0,0,0,0,0
LOC554202,4,NR_152879.1,19,18,1,0,8,7,1,0,1,0,1,0
MACC1-AS1,1,NR_046756.1,1,1,0,0,0,0,0,0,0,0,0,0
MAFG-AS1,1,NR_015454.1,25,23,2,0,8,7,1,0,6,4,2,0
MANCR,1,NR_024475.1,7,7,0,0,0,0,0,0,0,0,0,0
MAP3K20,1,NR_033882.1,10,10,0,0,2,2,0,0,0,0,0,0
MDC1-AS,1,NR_133647.1,7,7,0,0,1,1,0,0,0,0,0,0
MEF2C-AS1,9,NR_104031.1,10,10,0,0,4,4,0,0,3,3,0,0
MEF2C-AS1,9,NR_109940.1,3,3,0,0,2,2,0,0,0,0,0,0
MEF2C-AS1,9,NR_109941.1,3,3,0,0,0,0,0,0,0,0,0,0
MEF2C-AS1,9,NR_136217.1,9,9,0,0,2,2,0,0,0,0,0,0
MEF2C-AS1,9,NR_136218.1,12,12,0,0,1,1,0,0,0,0,0,0
MEF2C-AS1,9,NR_136219.1,10,10,0,0,1,1,0,0,0,0,0,0
MEF2C-AS1,9,NR_136220.1,10,10,0,0,3,3,0,0,0,0,0,0
MEF2C-AS1,9,NR_136221.1,9,9,0,0,3,3,0,0,0,0,0,0
MEF2C-AS1,9,NR_136222.1,9,9,0,0,2,2,0,0,0,0,0,0
MHRT,1,NR_126491.1,7,7,0,0,0,0,0,0,0,0,0,0
"MRUL
",2,NR_024549.2,15,15,0,0,7,7,0,0,0,0,0,0
"MRUL
",2,NR_024550.2,15,15,0,0,7,7,0,0,0,0,0,0
MSTO2P,1,NR_024117.2,21,20,1,0,11,11,0,0,1,1,0,0
MT1JP,1,NR_036677.1,1,1,0,0,0,0,0,0,0,0,0,0
"MTM
",2,NR_003658.2,3,3,0,0,1,1,0,0,0,0,0,0
"MTM
",2,NR_027781.1,1,1,0,0,0,0,0,0,0,0,0,0
MYLK-AS1,2,NR_038266.2,8,8,0,0,1,1,0,0,0,0,0,0
MYLK-AS1,2,NR_121654.1,6,6,0,0,1,1,0,0,0,0,0,0
MYOSLID,1,NR_146555.1,7,7,0,0,1,1,0,0,0,0,0,0
NALT1,1,NR_121577.1,8,7,1,0,1,1,0,0,1,1,0,0
"NR027113
",1,NR_027113.2,8,8,0,0,0,0,0,0,0,0,0,0
"NR_003023
",1,NR_003023.1,5,4,1,0,1,0,1,0,0,0,0,0
"NR_003573
",1,NR_003573.1,10,10,0,0,0,0,0,0,0,0,0,0
"NR_015430
",1,NR_015430.2,11,9,2,0,5,4,1,0,2,2,0,0
"NR_024495
",1,NR_024495.2,23,22,1,0,4,3,1,0,0,0,0,0
"NR_026660
",1,NR_026660.1,6,6,0,0,1,1,0,0,0,0,0,0
"NR_026827
",1,NR_026827.1,19,19,0,0,7,7,0,0,0,0,0,0
"NR_027028
",1,NR_027028.3,6,6,0,0,1,1,0,0,0,0,0,0
"NR_027169
",1,NR_027169.1,7,7,0,0,0,0,0,0,0,0,0,0
"NR_027775
",1,NR_027775.2,9,8,1,0,3,2,1,0,0,0,0,0
"NR_033449
",1,NR_033449.3,22,21,1,0,7,6,1,0,2,1,1,0
"NR_033663
",1,NR_033663.2,27,22,5,0,13,11,2,0,3,2,1,0
onclncRNA-626,1,NR_024160.1,2,2,0,0,1,1,0,0,0,0,0,0
OR3A4,1,NR_024128.1,7,6,1,0,3,3,0,0,0,0,0,0
OTUB1-isoform2,1,NR_003089.2,23,19,4,0,11,11,0,0,1,1,0,0
pancEts-1,1,NR_120581.1,7,5,1,1,3,2,1,0,0,0,0,0
PANDA,1,NR_109836.1,6,6,0,0,1,1,0,0,0,0,0,0
"PAPAS
",1,NR_135552.2,22,20,2,0,6,4,2,0,3,2,1,0
PCAT18,1,NR_024259.1,12,11,1,0,3,3,0,0,0,0,0,0
PEG10,1,NR_027148.1,7,6,1,0,6,5,1,0,1,0,1,0
PRSS21,1,NR_073012.2,11,10,1,0,9,9,0,0,0,0,0,0
PTENP1-AS,1,NR_103745.2,3,2,1,0,3,2,1,0,0,0,0,0
PTPRG-AS1,3,NR_038281.1,6,6,0,0,0,0,0,0,0,0,0,0
PTPRG-AS1,3,NR_038282.1,7,7,0,0,0,0,0,0,0,0,0,0
PTPRG-AS1,3,NR_038283.1,6,6,0,0,0,0,0,0,0,0,0,0
PURPL,1,NR_038848.1,7,7,0,0,0,0,0,0,0,0,0,0
PVT1-214,1,NR_003367.3,14,13,1,0,4,3,1,0,3,0,3,0
PWRN1,1,NR_026646.1,5,5,0,0,2,2,0,0,0,0,0,0
RAB6C-AS1,1,NR_036537.1,12,12,0,0,4,4,0,0,1,1,0,0
RGMB-AS1,1,NR_033932.1,17,14,3,0,9,6,3,0,5,4,1,0
RMRP,1,NR_110375.1,10,10,0,0,2,2,0,0,0,0,0,0
RP1-163G9.1,1,NR_038942.1,18,17,1,0,18,18,0,0,3,3,0,0
"RP11-181G12.2
",1,NR_146290.1,15,14,1,0,5,4,1,0,4,4,0,0
"RP11-445H22.4
",1,NR_132377.1,9,9,0,0,4,4,0,0,0,0,0,0
RP11-62F24,1,NR_151723.1,4,4,0,0,1,1,0,0,0,0,0,0
RP11-81H3.2,1,NR_038300.1,11,11,0,0,3,3,0,0,0,0,0,0
RPL34-AS1,1,NR_026968.1,18,18,0,0,0,0,0,0,0,0,0,0
SEMA3B-AS1,1,NR_110702.1,4,4,0,0,2,2,0,0,0,0,0,0
SLC25A5-AS1,3,NR_028443.1,24,20,4,0,12,10,2,0,2,1,1,0
SLC25A5-AS1,3,NR_134914.1,9,7,2,0,1,0,1,0,0,0,0,0
SLC25A5-AS1,3,NR_134915.1,11,10,1,0,4,3,1,0,1,1,0,0
THOR,1,NR_144530.1,4,4,0,0,1,1,0,0,0,0,0,0
TONSL-AS1,1,NR_109770.1,11,11,0,0,2,2,0,0,1,1,0,0
"TOPORS-AS1
",2,NR_146061.1,9,9,0,0,0,0,0,0,0,0,0,0
"TOPORS-AS1
",2,NR_146063.1,9,9,0,0,0,0,0,0,0,0,0,0
TP53TG1,1,NR_015381.1,5,4,1,0,2,0,2,0,0,0,0,0
TRERNA1,1,NR_051976.1,6,6,0,0,1,1,0,0,0,0,0,0
TSNAX-DISC1,8,NR_028393.1,47,45,2,0,9,8,1,0,2,1,1,0
TSNAX-DISC1,8,NR_028394.1,31,30,1,0,7,7,0,0,0,0,0,0
TSNAX-DISC1,8,NR_028395.1,31,30,1,0,7,7,0,0,0,0,0,0
TSNAX-DISC1,8,NR_028396.1,31,30,1,0,7,7,0,0,0,0,0,0
TSNAX-DISC1,8,NR_028397.1,28,27,1,0,7,7,0,0,0,0,0,0
TSNAX-DISC1,8,NR_028398.1,28,27,1,0,7,7,0,0,0,0,0,0
TSNAX-DISC1,8,NR_028399.1,24,23,1,0,7,7,0,0,0,0,0,0
TSNAX-DISC1,8,NR_028400.1,24,22,2,0,9,9,0,0,0,0,0,0
TUSC7,1,NR_015391.1,9,9,0,0,3,3,0,0,1,1,0,0
UBE2Q1-AS1,1,NR_046668.1,2,2,0,0,0,0,0,0,0,0,0,0
VCAN-AS1,1,NR_136215.1,1,1,0,0,1,1,0,0,0,0,0,0
VPS9D1-AS1,1,NR_036480.1,20,16,4,0,10,10,0,0,2,2,0,0
ZFPM2-AS1,2,NR_125796.1,5,5,0,0,0,0,0,0,0,0,0,0
ZFPM2-AS1,2,NR_125797.1,3,3,0,0,0,0,0,0,0,0,0,0
ZNFX1-AS1,5,NR_003604.3,13,11,2,0,4,2,2,0,4,3,1,0
ZNFX1-AS1,5,NR_003605.2,9,8,1,0,2,2,0,0,2,2,0,0
ZNFX1-AS1,5,NR_003606.3,12,10,2,0,4,2,2,0,4,3,1,0
ZNFX1-AS1,5,NR_036658.2,13,11,2,0,4,2,2,0,4,3,1,0
ZNFX1-AS1,5,NR_036659.2,4,4,0,0,0,0,0,0,0,0,0,0
AATBC,1,NR_026961.1,66,59,7,0,51,45,6,0,33,31,2,0
ANCR,3,NR_024031.2,6,5,1,0,4,3,1,0,1,1,0,0
ANCR,3,NR_145129.1,7,6,1,0,3,2,1,0,0,0,0,0
ANCR,3,NR_145130.1,7,6,1,0,3,2,1,0,0,0,0,0
BC200,1,NR_001568.1,2,2,0,0,2,2,0,0,0,0,0,0
CACS15,1,NR_015410.2,18,18,0,0,7,7,0,0,0,0,0,0
CDKN2B-AS1,14,NR_003529.3,21,21,0,0,1,1,0,0,0,0,0,0
CDKN2B-AS1,14,NR_047532.1,16,16,0,0,1,1,0,0,0,0,0,0
CDKN2B-AS1,14,NR_047543.1,10,10,0,0,0,0,0,0,0,0,0,0
CDKN2B-AS1,14,NR_047534.1,10,10,0,0,1,1,0,0,0,0,0,0
CDKN2B-AS1,14,NR_047535.1,9,9,0,0,0,0,0,0,0,0,0,0
CDKN2B-AS1,14,NR_047536.1,7,7,0,0,0,0,0,0,0,0,0,0
CDKN2B-AS1,14,NR_047537.1,9,9,0,0,0,0,0,0,0,0,0,0
CDKN2B-AS1,14,NR_047538.1,7,7,0,0,0,0,0,0,0,0,0,0
CDKN2B-AS1,14,NR_047539.1,17,17,0,0,0,0,0,0,0,0,0,0
CDKN2B-AS1,14,NR_047540.1,10,10,0,0,0,0,0,0,0,0,0,0
CDKN2B-AS1,14,NR_047541.1,10,10,0,0,0,0,0,0,0,0,0,0
CDKN2B-AS1,14,NR_047542.1,8,8,0,0,0,0,0,0,0,0,0,0
CDKN2B-AS1,14,NR_047533.1,6,6,0,0,0,0,0,0,0,0,0,0
CDKN2B-AS1,14,NR_120536.1,6,6,0,0,0,0,0,0,0,0,0,0
ELF3-AS1,1,NR_146472.1,8,6,2,0,7,5,2,0,1,1,0,0
EPB41L4A-AS2,1,NR_027706.1,17,15,2,0,16,14,2,0,8,7,1,0
FAM225A,1,NR_024366.1,64,56,7,1,27,23,4,0,10,7,3,0
FAM87A,1,NR_103537.1,37,36,1,0,11,10,1,0,2,1,1,0
FLJ22447,1,NR_039985.1,4,4,0,0,1,1,0,0,0,0,0,0
FRMD6-AS1,1,NR_037676.1,23,23,0,0,15,15,0,0,5,5,0,0
GNAS-AS1,1,NR_002785.2,13,10,3,0,3,2,1,0,3,2,1,0
HCG22,2,NR_003948.3,14,14,0,0,6,6,0,0,1,1,0,0
HCG22,2,NR_145427.2,11,11,0,0,5,5,0,0,1,1,0,0
KTN1-AS1,1,NR_027123.1,7,7,0,0,4,4,0,0,0,0,0,0
LINC00210,1,NR_048550.1,7,7,0,0,0,0,0,0,0,0,0,0
LINC00355,1,NR_145420.1,14,14,0,0,2,2,0,0,0,0,0,0
LINC00657,1,NR_027451.1,30,25,5,0,19,13,6,0,6,4,2,0
LINC00886,1,NR_038387.1,13,12,1,0,6,6,0,0,1,1,0,0
LINC01116,1,NR_040001.2,2,2,0,0,0,0,0,0,0,0,0,0
lnc-C22orf32-1,3,NR_120595.1,13,12,1,0,8,7,1,0,1,0,1,0
lnc-C22orf32-1,3,NR_120596.1,9,8,1,0,6,5,1,0,0,0,0,0
lnc-C22orf32-1,3,NR_120597.1,3,2,1,0,3,2,1,0,0,0,0,0
lnc-KCTD6-3,1,NR_134853.1,7,7,0,0,2,2,0,0,0,0,0,0
lncAROD,2,NR_120641.1,4,4,0,0,0,0,0,0,0,0,0,0
lncAROD,2,NR_120642.1,6,6,0,0,1,1,0,0,0,0,0,0
lncHIFCAR,4,NR_027054.2,20,19,1,0,8,7,1,0,1,0,1,0
lncHIFCAR,4,NR_152877.1,13,13,0,0,3,3,0,0,0,0,0,0
lncHIFCAR,4,NR_152878.1,12,12,0,0,3,3,0,0,0,0,0,0
lncHIFCAR,4,NR_152879.1,19,18,1,0,8,7,1,0,1,0,1,0
lncRNA-SRA1,5,NR_137281.2,26,24,2,0,9,7,2,0,1,0,1,0
lncRNA-SRA1,5,NR_137280.2,25,23,2,0,9,7,2,0,1,0,1,0
lncRNA-SRA1,5,NR_036488.1,23,22,1,0,7,6,1,0,1,0,1,0
lncRNA-SRA1,5,NR_152515.1,23,22,1,0,7,6,1,0,1,0,1,0
lncRNA-SRA1,5,NR_152516.1,27,25,2,0,11,9,2,0,1,0,1,0
LOC100129148,1,NR_033999.1,3,3,0,0,0,0,0,0,0,0,0,0
MINCR,2,NR_120682.1,3,3,0,0,0,0,0,0,0,0,0,0
MINCR,2,NR_120683.1,3,3,0,0,0,0,0,0,0,0,0,0
miR143HG,2,NR_105059.1,13,12,1,0,4,3,1,0,1,0,1,0
miR143HG,2,NR_105060.1,11,10,1,0,4,3,1,0,1,0,1,0
MIR31HG,4,NR_027054.2,20,19,1,0,8,7,1,0,1,0,1,0
MIR31HG,4,NR_152877.1,13,13,0,0,3,3,0,0,0,0,0,0
MIR31HG,4,NR_152878.1,12,12,0,0,3,3,0,0,0,0,0,0
MIR31HG,4,NR_152879.1,19,18,1,0,8,7,1,0,1,0,1,0
MIR4435-2HG,8,NR_015395.2,23,23,0,0,6,6,0,0,0,0,0,0
MIR4435-2HG,8,NR_024373.2,5,5,0,0,4,4,0,0,0,0,0,0
MIR4435-2HG,8,NR_136161.1,10,10,0,0,5,5,0,0,0,0,0,0
MIR4435-2HG,8,NR_136162.1,24,24,0,0,6,6,0,0,0,0,0,0
MIR4435-2HG,8,NR_136163.1,15,15,0,0,5,5,0,0,0,0,0,0
MIR4435-2HG,8,NR_136164.1,10,10,0,0,4,4,0,0,0,0,0,0
MIR4435-2HG,8,NR_136165.1,8,8,0,0,4,4,0,0,0,0,0,0
MIR4435-2HG,8,NR_136166.1,21,21,0,0,6,6,0,0,0,0,0,0
MORT,2,NR_036521.1,10,9,1,0,3,2,1,0,2,2,0,0
MORT,2,NR_036522.1,5,4,1,0,2,1,1,0,2,2,0,0
MRVI1-AS1,4,NR_046374.1,7,7,0,0,1,1,0,0,0,0,0,0
MRVI1-AS1,4,NR_046375.1,6,6,0,0,1,1,0,0,0,0,0,0
MRVI1-AS1,4,NR_034093.2,6,6,0,0,1,1,0,0,0,0,0,0
MRVI1-AS1,4,NR_034094.2,6,6,0,0,1,1,0,0,0,0,0,0
NAG7,1,NR_024065.3,10,9,1,0,2,1,1,0,1,1,0,0
NCK1-AS1,3,NR_110175.1,9,9,0,0,3,3,0,0,0,0,0,0
NCK1-AS1,3,NR_110176.1,8,8,0,0,3,3,0,0,0,0,0,0
NCK1-AS1,3,NR_110177.1,7,7,0,0,3,3,0,0,0,0,0,0
NR_003949 FKBP9P1_Variant 4,1,NR_003949.1,18,17,1,0,6,5,1,0,3,3,0,0
NR_027358 LINC00592,1,NR_027358.2,8,8,0,0,4,4,0,0,1,1,0,0
PAPAS,1,NR_029708.1,1,1,0,0,0,0,0,0,0,0,0,0
PCAT7,4,NR_121566.2,16,15,1,0,11,11,0,0,1,1,0,0
PCAT7,4,NR_121567.2,15,14,1,0,11,11,0,0,1,1,0,0
PCAT7,4,NR_121568.2,11,10,1,0,9,9,0,0,1,1,0,0
PCAT7,4,NR_121569.2,15,14,1,0,10,10,0,0,1,1,0,0
PDIA3P,1,NR_002305.1,11,10,1,0,3,3,0,0,1,1,0,0
PLAC2,1,NR_027064.3,40,30,10,0,28,21,7,0,12,8,4,0
PXN-AS1-L,1,NR_038924.1,8,8,0,0,4,4,0,0,0,0,0,0
SMAD5-AS1,1,NR_026763.1,7,7,0,0,3,3,0,0,0,0,0,0
SOX2-OT,6,NR_075091.1,18,18,0,0,10,10,0,0,1,1,0,0
SOX2-OT,6,NR_075092.1,16,16,0,0,10,10,0,0,1,1,0,0
SOX2-OT,6,NR_075093.1,13,13,0,0,1,1,0,0,1,1,0,0
SOX2-OT,6,NR_004053.3,16,16,0,0,9,9,0,0,1,1,0,0
SOX2-OT,6,NR_075089.1,15,15,0,0,9,9,0,0,1,1,0,0
SOX2-OT,6,NR_075090.1,11,11,0,0,0,0,0,0,0,0,0,0
"SRRM2-AS 
",2,NR_027274.1,13,12,1,0,7,6,1,0,3,2,1,0
"SRRM2-AS 
",2,NR_027275.1,9,9,0,0,3,3,0,0,0,0,0,0
ST7-AS1,1,NR_002330.1,15,11,4,0,8,6,2,0,1,0,1,0
STEAP3-AS1,1,NR_046721.1,21,21,0,0,5,5,0,0,0,0,0,0
TSPEAR-AS1,1,NR_103707.1,30,30,0,0,8,8,0,0,2,2,0,0
TUC338,1,NR_109828.1,5,5,0,0,1,1,0,0,0,0,0,0
U47924.27,1,NR_135032.1,5,5,0,0,5,5,0,0,0,0,0,0
WWTR1-AS1,1,NR_040250.1,15,13,2,0,6,6,0,0,4,4,0,0
ZNF561-AS1,1,NR_122038.1,11,10,1,0,1,0,1,0,1,0,1,0
ZNF674-1,2,NR_110388.1,1,1,0,0,1,1,0,0,0,0,0,0
ZNF674-1,2,NR_036522.1,5,4,1,0,2,1,1,0,2,2,0,0
ARHGAP22-IT1,1,NR_146782.1,9,9,0,0,3,3,0,0,0,0,0,0
BC200 (BCYRN1),1,NR_001568.1,2,2,0,0,2,2,0,0,0,0,0,0
BRE-AS1 (BABAM2-AS1),1,NR_028308.1,16,12,4,0,13,11,2,0,6,6,0,0
"CUDR
",1,NR_015379.3,10,10,0,0,3,3,0,0,0,0,0,0
"FAL1 
",1,NR_051960.1,8,8,0,0,1,1,0,0,1,1,0,0
FAM83A-AS1,1,NR_024479.1,10,10,0,0,3,3,0,0,0,0,0,0
"FAM83H-AS1
",1,NR_160525.1,17,16,1,0,4,4,0,0,0,0,0,0
FOXC2-AS1,1,NR_125795.1,3,3,0,0,0,0,0,0,0,0,0,0
"GASL1 
",1,NR_149020.1,45,37,6,2,18,12,5,1,14,10,3,1
GATA2-AS1,1,NR_125398.1,18,16,2,0,9,7,2,0,5,4,1,0
GMDS-AS1,1,NR_046229.1,8,8,0,0,2,2,0,0,0,0,0,0
HOXA-AS3,2,NR_038831.1,39,32,7,0,15,12,3,0,7,4,3,0
HOXA-AS3,2,NR_038832.1,38,31,7,0,15,12,3,0,7,4,3,0
HOXA10-AS,1,NR_046609.1,12,11,1,0,3,3,0,0,2,2,0,0
HSPC324,1,NR_135132.1,4,4,0,0,0,0,0,0,0,0,0,0
"JHDM1D-AS1
",1,NR_024451.1,19,18,1,0,11,11,0,0,2,2,0,0
KCNK15-AS1,1,NR_132377.1,9,9,0,0,4,4,0,0,0,0,0,0
"KDM5BAS1
",2,NR_046325.1,4,3,1,0,2,2,0,0,0,0,0,0
"KDM5BAS1
",2,NR_046326.1,3,2,1,0,2,2,0,0,0,0,0,0
LCAL1,1,NR_130915.1,39,39,0,0,9,9,0,0,1,1,0,0
LIMD1-AS1,1,NR_033947.1,15,15,0,0,5,5,0,0,0,0,0,0
LIN28B-AS1,1,NR_046407.1,4,4,0,0,0,0,0,0,0,0,0,0
LINC-ITGB1 (IATPR),1,NR_160030.1,4,4,0,0,0,0,0,0,0,0,0,0
"LINC00035
",1,NR_026690.1,8,8,0,0,5,5,0,0,0,0,0,0
LINC00113,1,NR_024357.2,3,3,0,0,0,0,0,0,0,0,0,0
LINC00152 (CYTOR),5,NR_024204.2,4,4,0,0,1,1,0,0,0,0,0,0
LINC00152 (CYTOR),5,NR_024205.3,6,6,0,0,3,3,0,0,0,0,0,0
LINC00152 (CYTOR),5,NR_024206.2,4,4,0,0,1,1,0,0,0,0,0,0
LINC00152 (CYTOR),5,NR_146460.1,4,4,0,0,0,0,0,0,0,0,0,0
LINC00152 (CYTOR),5,NR_146461.1,3,3,0,0,1,1,0,0,0,0,0,0
LINC00163,1,NR_033840.1,28,28,0,0,8,8,0,0,0,0,0,0
LINC00173,2,NR_027345.1,11,10,1,0,3,2,1,0,1,0,1,0
LINC00173,2,NR_027346.1,4,3,1,0,2,1,1,0,1,0,1,0
LINC00221,1,NR_027457.2,11,9,2,0,4,4,0,0,1,1,0,0
LINC00222,1,NR_033376.1,16,16,0,0,4,4,0,0,0,0,0,0
LINC00243,1,NR_130726.1,17,17,0,0,4,4,0,0,0,0,0,0
"LINC00277
",1,NR_026949.1,15,14,1,0,7,6,1,0,4,3,1,0
LINC00336,1,NR_027908.1,21,19,1,1,12,11,1,0,6,6,0,0
LINC00342,1,NR_103734.1,24,23,1,0,11,11,0,0,2,2,0,0
LINC00426,1,NR_024464.2,8,7,1,0,4,4,0,0,0,0,0,0
LINC00519,1,NR_145423.1,5,5,0,0,0,0,0,0,0,0,0,0
LINC00524,1,NR_126006.1,4,4,0,0,1,1,0,0,0,0,0,0
LINC00607,1,NR_037195.1,20,19,1,0,4,4,0,0,0,0,0,0
LINC00641,2,NR_038970.1,12,11,1,0,8,8,0,0,3,3,0,0
LINC00641,2,NR_038971.1,8,8,0,0,4,4,0,0,0,0,0,0
LINC00667,1,NR_015389.1,30,30,0,0,8,8,0,0,3,3,0,0
LINC00702,1,NR_108040.1,2,2,0,0,0,0,0,0,0,0,0,0
LINC00852,1,NR_026829.1,10,10,0,0,3,3,0,0,0,0,0,0
LINC00942,1,NR_028415.1,20,19,1,0,11,11,0,0,3,3,0,0
"LINC00958
",1,NR_038904.1,10,10,0,0,2,2,0,0,0,0,0,0
LINC00968,1,NR_038236.1,8,8,0,0,3,3,0,0,0,0,0,0
LINC01093,3,NR_039975.1,7,7,0,0,0,0,0,0,0,0,0,0
LINC01093,3,NR_039976.1,7,7,0,0,0,0,0,0,0,0,0,0
LINC01093,3,NR_039977.1,4,4,0,0,0,0,0,0,0,0,0,0
LINC01123,3,NR_046110.1,19,17,2,0,11,10,1,0,4,3,1,0
LINC01123,3,NR_046111.1,18,16,2,0,10,9,1,0,4,3,1,0
LINC01123,3,NR_046112.1,7,6,1,0,5,5,0,0,2,2,0,0
LINC01124,1,NR_027433.1,27,22,4,1,12,8,4,0,5,2,3,0
LINC01186,1,NR_110388.1,1,1,0,0,1,1,0,0,0,0,0,0
LINC01288,1,NR_125746.1,2,2,0,0,0,0,0,0,0,0,0,0
LINC01296,2,NR_122111.1,19,19,0,0,2,2,0,0,0,0,0,0
LINC01296,2,NR_122112.1,9,9,0,0,0,0,0,0,0,0,0,0
LINC01433,1,NR_033917.1,7,6,1,0,4,4,0,0,0,0,0,0
LINC01512,1,NR_024478.1,16,14,2,0,10,10,0,0,0,0,0,0
LINC01537,1,NR_126364.1,16,16,0,0,3,3,0,0,0,0,0,0
LINC01614,1,NR_132383.1,12,12,0,0,3,3,0,0,2,2,0,0
"LINK-A 
",1,NR_015407.1,8,8,0,0,1,1,0,0,0,0,0,0
lncRNA-HEIH,1,NR_045680.1,17,16,1,0,5,5,0,0,5,5,0,0
lncRNA-MIF,1,NR_110597.1,6,6,0,0,0,0,0,0,0,0,0,0
LOC730101,2,NR_024403.1,22,21,1,0,9,9,0,0,3,3,0,0
LOC730101,2,NR_024405.1,20,19,1,0,7,7,0,0,3,3,0,0
MA-LINC1,3,NR_102739.1,14,13,1,0,6,6,0,0,4,4,0,0
MA-LINC1,3,NR_102740.1,14,13,1,0,6,6,0,0,4,4,0,0
MA-LINC1,3,NR_102741.1,10,10,0,0,4,4,0,0,3,3,0,0
MED4-AS1,1,NR_046511.1,4,4,0,0,0,0,0,0,0,0,0,0
"Metalnc9
",1,NR_038955.1,21,20,1,0,6,6,0,0,1,1,0,0
MUC5B-AS1,1,NR_157183.1,6,6,0,0,4,4,0,0,2,2,0,0
MYCLo-5,1,NR_036497.1,18,18,0,0,10,10,0,0,1,1,0,0
"MYMLR
",2,NR_117101.1,3,3,0,0,0,0,0,0,0,0,0,0
"MYMLR
",2,NR_117102.1,3,3,0,0,0,0,0,0,0,0,0,0
"NAG7
",1,NR_024065.3,10,9,1,0,2,1,1,0,1,1,0,0
"NCRNA00210
",1,NR_048550.1,7,7,0,0,0,0,0,0,0,0,0,0
NKX2-1-AS1,1,NR_103710.1,13,11,2,0,10,10,0,0,3,3,0,0
"NR_028500
",1,NR_028500.2,13,12,1,0,5,5,0,0,0,0,0,0
"NR_034174
",1,NR_034174.3,9,9,0,0,1,1,0,0,0,0,0,0
"NR_046326
",1,NR_046326.1,3,2,1,0,2,2,0,0,0,0,0,0
"NR_047562
",1,NR_047562.2,16,16,0,0,7,7,0,0,0,0,0,0
"P53RRA
",4,NR_121612.1,43,41,2,0,16,16,0,0,4,4,0,0
"P53RRA
",4,NR_026807.2,43,41,2,0,16,16,0,0,4,4,0,0
"P53RRA
",4,NR_121613.1,42,40,2,0,16,16,0,0,4,4,0,0
"P53RRA
",4,NR_121614.1,43,41,2,0,16,16,0,0,4,4,0,0
"PCAN-R1
",2,NR_046325.1,4,3,1,0,2,2,0,0,0,0,0,0
"PCAN-R1
",2,NR_046326.1,3,2,1,0,2,2,0,0,0,0,0,0
PCAT19,2,NR_040109.2,18,18,0,0,3,3,0,0,0,0,0,0
PCAT19,2,NR_136334.1,15,15,0,0,3,3,0,0,0,0,0,0
PIK3CD-AS2,3,NR_126366.1,8,7,1,0,3,3,0,0,0,0,0,0
PIK3CD-AS2,3,NR_126367.1,6,5,1,0,2,2,0,0,0,0,0,0
PIK3CD-AS2,3,NR_126368.1,5,4,1,0,3,3,0,0,0,0,0,0
"PLAC2
",1,NR_027064.3,40,30,10,0,28,21,7,0,12,8,4,0
PRKCZ-AS1,1,NR_146290.1,15,14,1,0,5,4,1,0,4,4,0,0
"PXN-AS1-L
",1,NR_038924.1,8,8,0,0,4,4,0,0,0,0,0,0
"RERT
",1,NR_037791.1,45,41,4,0,28,27,1,0,4,4,0,0
SLC16A1-AS1,2,NR_103743.1,11,9,2,0,12,11,1,0,1,1,0,0
SLC16A1-AS1,2,NR_103744.1,6,5,1,0,5,5,0,0,0,0,0,0
SLC9A3-AS1,1,NR_125375.1,21,17,3,1,15,14,1,0,2,2,0,0
"SlncR1
",5,NR_137281.2,26,24,2,0,9,7,2,0,1,0,1,0
"SlncR1
",5,NR_137280.2,25,23,2,0,9,7,2,0,1,0,1,0
"SlncR1
",5,NR_036488.1,23,22,1,0,7,6,1,0,1,0,1,0
"SlncR1
",5,NR_152515.1,23,22,1,0,7,6,1,0,1,0,1,0
"SlncR1
",5,NR_152516.1,27,25,2,0,11,9,2,0,1,0,1,0
SRGAP3-AS2,2,NR_121663.1,9,9,0,0,4,4,0,0,1,1,0,0
SRGAP3-AS2,2,NR_121664.1,9,9,0,0,2,2,0,0,1,1,0,0
STEAP2-AS1,1,NR_110029.2,2,2,0,0,1,1,0,0,0,0,0,0
TARID,1,NR_109982.1,14,14,0,0,4,4,0,0,0,0,0,0
TBILA,1,NR_157393.1,8,8,0,0,3,3,0,0,0,0,0,0
THUMPD3-AS1,3,NR_132780.1,7,7,0,0,0,0,0,0,0,0,0,0
THUMPD3-AS1,3,NR_027007.3,7,7,0,0,0,0,0,0,0,0,0,0
THUMPD3-AS1,3,NR_132781.1,4,4,0,0,0,0,0,0,0,0,0,0
TM4SF1-AS1,3,NR_109809.1,6,6,0,0,2,2,0,0,0,0,0,0
TM4SF1-AS1,3,NR_046650.1,5,5,0,0,1,1,0,0,0,0,0,0
TM4SF1-AS1,3,NR_109810.1,5,5,0,0,1,1,0,0,0,0,0,0
TNK2-AS1,1,NR_145450.1,44,38,6,0,28,26,2,0,4,2,2,0
"TSlnc8
",1,NR_026765.2,9,9,0,0,4,4,0,0,0,0,0,0
TTTY15,2,NR_038272.1,32,32,0,0,5,5,0,0,2,2,0,0
TTTY15,2,NR_038271.1,13,13,0,0,2,2,0,0,0,0,0,0
"TUC338
",1,NR_109828.1,5,5,0,0,1,1,0,0,0,0,0,0
WASIR2,1,NR_130735.1,9,8,1,0,6,6,0,0,0,0,0,0
ZNF205-AS1,2,NR_024166.1,10,10,0,0,3,3,0,0,0,0,0,0
ZNF205-AS1,2,NR_024167.1,10,10,0,0,4,4,0,0,0,0,0,0
ZNF295-AS1,3,NR_119384.1,11,10,1,0,5,4,1,0,2,1,1,0
ZNF295-AS1,3,NR_119385.1,8,8,0,0,1,1,0,0,3,3,0,0
ZNF295-AS1,3,NR_027273.2,8,8,0,0,1,1,0,0,0,0,0,0
"ZXF1
",1,NR_125373.1,20,20,0,0,3,3,0,0,0,0,0,0
ACTA2-AS1:4,1,NR_125373.1,20,20,0,0,3,3,0,0,0,0,0,0
ACVR2B-AS1,1,NR_028389.1,14,14,0,0,5,5,0,0,0,0,0,0
"aHIF 
",1,NR_045406.1,1,1,0,0,0,0,0,0,0,0,0,0
"ANCR 
",3,NR_024031.2,6,5,1,0,4,3,1,0,1,1,0,0
"ANCR 
",3,NR_145129.1,7,6,1,0,3,2,1,0,0,0,0,0
"ANCR 
",3,NR_145130.1,7,6,1,0,3,2,1,0,0,0,0,0
"ANRIL 
",14,NR_003529.3,21,21,0,0,1,1,0,0,0,0,0,0
"ANRIL 
",14,NR_047532.1,16,16,0,0,1,1,0,0,0,0,0,0
"ANRIL 
",14,NR_047543.1,10,10,0,0,0,0,0,0,0,0,0,0
"ANRIL 
",14,NR_047534.1,10,10,0,0,1,1,0,0,0,0,0,0
"ANRIL 
",14,NR_047535.1,9,9,0,0,0,0,0,0,0,0,0,0
"ANRIL 
",14,NR_047536.1,7,7,0,0,0,0,0,0,0,0,0,0
"ANRIL 
",14,NR_047537.1,9,9,0,0,0,0,0,0,0,0,0,0
"ANRIL 
",14,NR_047538.1,7,7,0,0,0,0,0,0,0,0,0,0
"ANRIL 
",14,NR_047539.1,17,17,0,0,0,0,0,0,0,0,0,0
"ANRIL 
",14,NR_047540.1,10,10,0,0,0,0,0,0,0,0,0,0
"ANRIL 
",14,NR_047541.1,10,10,0,0,0,0,0,0,0,0,0,0
"ANRIL 
",14,NR_047542.1,8,8,0,0,0,0,0,0,0,0,0,0
"ANRIL 
",14,NR_047533.1,6,6,0,0,0,0,0,0,0,0,0,0
"ANRIL 
",14,NR_120536.1,6,6,0,0,0,0,0,0,0,0,0,0
"AWPPH 
",8,NR_015395.2,23,23,0,0,6,6,0,0,0,0,0,0
"AWPPH 
",8,NR_024373.2,5,5,0,0,4,4,0,0,0,0,0,0
"AWPPH 
",8,NR_136161.1,10,10,0,0,5,5,0,0,0,0,0,0
"AWPPH 
",8,NR_136162.1,24,24,0,0,6,6,0,0,0,0,0,0
"AWPPH 
",8,NR_136163.1,15,15,0,0,5,5,0,0,0,0,0,0
"AWPPH 
",8,NR_136164.1,10,10,0,0,4,4,0,0,0,0,0,0
"AWPPH 
",8,NR_136165.1,8,8,0,0,4,4,0,0,0,0,0,0
"AWPPH 
",8,NR_136166.1,21,21,0,0,6,6,0,0,0,0,0,0
"BAIAP2-AS1 
",1,NR_026857.1,58,47,9,2,41,37,4,0,12,10,2,0
"BC200 
",1,NR_001568.1,2,2,0,0,2,2,0,0,0,0,0,0
"BZRAP1-AS1 
",9,NR_038410.1,17,16,1,0,8,7,1,0,3,1,2,0
"BZRAP1-AS1 
",9,NR_038411.1,14,13,1,0,7,6,1,0,3,1,2,0
"BZRAP1-AS1 
",9,NR_038412.1,14,13,1,0,7,6,1,0,3,1,2,0
"BZRAP1-AS1 
",9,NR_038413.1,13,12,1,0,6,5,1,0,3,1,2,0
"BZRAP1-AS1 
",9,NR_038414.1,16,15,1,0,7,6,1,0,3,1,2,0
"BZRAP1-AS1 
",9,NR_038415.1,16,15,1,0,7,6,1,0,3,1,2,0
"BZRAP1-AS1 
",9,NR_038416.1,16,15,1,0,7,6,1,0,3,1,2,0
"BZRAP1-AS1 
",9,NR_038417.1,12,11,1,0,6,5,1,0,3,1,2,0
"BZRAP1-AS1 
",9,NR_038418.1,12,11,1,0,6,5,1,0,3,1,2,0
"C10orf91 
",1,NR_149317.1,9,7,2,0,9,9,0,0,0,0,0,0
C1QTNF1-AS1,2,NR_040018.1,13,13,0,0,5,5,0,0,1,1,0,0
C1QTNF1-AS1,2,NR_040019.1,12,12,0,0,5,5,0,0,1,1,0,0
"CARLo-5 
",1,NR_108049.1,9,9,0,0,1,1,0,0,0,0,0,0
"CCHE1 
",1,NR_131782.1,17,17,0,0,7,7,0,0,0,0,0,0
CDKN2BAS,14,NR_003529.3,21,21,0,0,1,1,0,0,0,0,0,0
CDKN2BAS,14,NR_047532.1,16,16,0,0,1,1,0,0,0,0,0,0
CDKN2BAS,14,NR_047543.1,10,10,0,0,0,0,0,0,0,0,0,0
CDKN2BAS,14,NR_047534.1,10,10,0,0,1,1,0,0,0,0,0,0
CDKN2BAS,14,NR_047535.1,9,9,0,0,0,0,0,0,0,0,0,0
CDKN2BAS,14,NR_047536.1,7,7,0,0,0,0,0,0,0,0,0,0
CDKN2BAS,14,NR_047537.1,9,9,0,0,0,0,0,0,0,0,0,0
CDKN2BAS,14,NR_047538.1,7,7,0,0,0,0,0,0,0,0,0,0
CDKN2BAS,14,NR_047539.1,17,17,0,0,0,0,0,0,0,0,0,0
CDKN2BAS,14,NR_047540.1,10,10,0,0,0,0,0,0,0,0,0,0
CDKN2BAS,14,NR_047541.1,10,10,0,0,0,0,0,0,0,0,0,0
CDKN2BAS,14,NR_047542.1,8,8,0,0,0,0,0,0,0,0,0,0
CDKN2BAS,14,NR_047533.1,6,6,0,0,0,0,0,0,0,0,0,0
CDKN2BAS,14,NR_120536.1,6,6,0,0,0,0,0,0,0,0,0,0
CLLU1,2,NR_027932.1,8,8,0,0,0,0,0,0,0,0,0,0
CLLU1,2,NR_027933.1,8,8,0,0,0,0,0,0,0,0,0,0
"CTD-2547G23.4 
",1,NR_170220.1,42,36,5,1,27,23,4,0,7,5,2,0
"CUDR 
",1,NR_015379.3,10,10,0,0,3,3,0,0,0,0,0,0
DBH-AS1,1,NR_102735.1,27,26,1,0,14,14,0,0,2,2,0,0
DLGAP1-AS1,1,NR_024101.1,6,6,0,0,2,2,0,0,1,1,0,0
DSCR8,5,NR_026841.1,1,1,0,0,0,0,0,0,0,0,0,0
DSCR8,5,NR_026842.1,1,1,0,0,0,0,0,0,0,0,0,0
DSCR8,5,NR_026839.1,3,3,0,0,0,0,0,0,0,0,0,0
DSCR8,5,NR_026838.1,4,4,0,0,0,0,0,0,0,0,0,0
DSCR8,5,NR_026840.1,2,2,0,0,0,0,0,0,0,0,0,0
ELMO1-AS1,1,NR_104120.1,6,6,0,0,0,0,0,0,0,0,0,0
"EPB41L4A-AS2 
",1,NR_027706.1,17,15,2,0,16,14,2,0,8,7,1,0
"EPIC1
",1,NR_122046.1,12,12,0,0,4,4,0,0,0,0,0,0
"FLJ33360 
",1,NR_028351.1,15,15,0,0,2,2,0,0,0,0,0,0
"FLVCR1-AS1 
",2,NR_027285.1,8,7,1,0,5,4,1,0,2,2,0,0
"FLVCR1-AS1 
",2,NR_027286.1,5,4,1,0,5,4,1,0,2,2,0,0
GABPB1-AS1,1,NR_024490.1,37,36,1,0,19,19,0,0,3,3,0,0
"GAS6-AS2 
",1,NR_044993.1,9,9,0,0,4,4,0,0,0,0,0,0
GAS8-AS1,1,NR_122031.1,6,5,1,0,3,3,0,0,0,0,0,0
GATA3-AS1,6,NR_104327.1,6,6,0,0,4,4,0,0,0,0,0,0
GATA3-AS1,6,NR_024256.1,24,22,2,0,15,14,1,0,3,2,1,0
GATA3-AS1,6,NR_104336.1,6,6,0,0,4,4,0,0,0,0,0,0
GATA3-AS1,6,NR_104328.1,9,7,2,0,9,8,1,0,2,1,1,0
GATA3-AS1,6,NR_104329.1,9,8,1,0,9,9,0,0,1,1,0,0
GATA3-AS1,6,NR_104330.1,10,8,2,0,9,8,1,0,2,1,1,0
GMDS-DT,1,NR_046229.1,8,8,0,0,2,2,0,0,0,0,0,0
HAR1A,1,NR_003244.2,34,29,5,0,28,25,3,0,2,2,0,0
HAR1B,2,NR_003245.1,5,5,0,0,0,0,0,0,0,0,0,0
HAR1B,2,NR_152601.1,3,3,0,0,0,0,0,0,0,0,0,0
HHIP-AS1,1,NR_037595.1,7,5,2,0,6,5,1,0,6,6,0,0
"HOST2 
",1,NR_134505.1,9,9,0,0,1,1,0,0,0,0,0,0
HTR2A-AS1,2,NR_046612.1,2,2,0,0,0,0,0,0,0,0,0,0
HTR2A-AS1,2,NR_103752.1,1,1,0,0,0,0,0,0,0,0,0,0
"IHS 
",4,NR_027114.2,14,14,0,0,2,2,0,0,2,2,0,0
"IHS 
",4,NR_027113.2,8,8,0,0,0,0,0,0,0,0,0,0
"IHS 
",4,NR_110148.1,15,15,0,0,2,2,0,0,1,1,0,0
"IHS 
",4,NR_110149.1,7,7,0,0,1,1,0,0,0,0,0,0
IPW,1,NR_023915.1,10,9,1,0,4,4,0,0,1,1,0,0
"LINC-ITGB1 
",1,NR_160030.1,4,4,0,0,0,0,0,0,0,0,0,0
"LINC-POU3F3 
",4,NR_037883.1,13,12,1,0,2,2,0,0,0,0,0,0
"LINC-POU3F3 
",4,NR_131233.1,5,5,0,0,0,0,0,0,0,0,0,0
"LINC-POU3F3 
",4,NR_131234.1,6,6,0,0,0,0,0,0,0,0,0,0
"LINC-POU3F3 
",4,NR_131235.1,6,6,0,0,0,0,0,0,0,0,0,0
"LINC-USP16 
",2,NR_026552.2,6,6,0,0,2,2,0,0,0,0,0,0
"LINC-USP16 
",2,NR_026553.2,3,3,0,0,0,0,0,0,0,0,0,0
LINC00160,1,NR_024351.2,5,5,0,0,0,0,0,0,0,0,0,0
LINC00205,1,NR_026943.1,75,64,10,1,46,42,4,0,11,8,3,0
LINC00488,1,NR_026767.1,10,10,0,0,1,1,0,0,0,0,0,0
LINC00635,2,NR_024276.1,6,6,0,0,1,1,0,0,0,0,0,0
LINC00635,2,NR_015414.1,10,10,0,0,4,4,0,0,0,0,0,0
"LINC00657 
",1,NR_027451.1,30,25,5,0,19,13,6,0,6,4,2,0
LINC00882,1,NR_028303.1,4,3,1,0,0,0,0,0,0,0,0,0
LINC01018,2,NR_024424.2,21,20,1,0,9,9,0,0,5,5,0,0
LINC01018,2,NR_024423.2,17,16,1,0,7,7,0,0,2,2,0,0
LINC01061,1,NR_037596.1,36,36,0,0,1,1,0,0,0,0,0,0
LINC01134,1,NR_024455.1,20,20,0,0,6,6,0,0,5,5,0,0
LINC01152,2,NR_110124.1,13,13,0,0,3,3,0,0,3,3,0,0
LINC01152,2,NR_110132.1,13,13,0,0,3,3,0,0,3,3,0,0
LINC01224,2,NR_126448.1,13,13,0,0,3,3,0,0,0,0,0,0
LINC01224,2,NR_126449.1,12,12,0,0,3,3,0,0,0,0,0,0
LINC01287,1,NR_125776.1,7,7,0,0,4,4,0,0,0,0,0,0
"LINC01296 
",2,NR_122111.1,19,19,0,0,2,2,0,0,0,0,0,0
"LINC01296 
",2,NR_122112.1,9,9,0,0,0,0,0,0,0,0,0,0
LINC01352,1,NR_110797.1,4,4,0,0,1,1,0,0,0,0,0,0
LINC01391,1,NR_121649.1,29,28,1,0,11,11,0,0,1,1,0,0
LINC01551,2,NR_026731.1,15,14,1,0,5,5,0,0,0,0,0,0
LINC01551,2,NR_026732.1,4,3,1,0,1,1,0,0,0,0,0,0
LINC01554,1,NR_026936.1,12,12,0,0,6,6,0,0,2,2,0,0
LINC01714,1,NR_125998.1,5,5,0,0,1,1,0,0,0,0,0,0
LINC02476,4,NR_131960.1,3,3,0,0,0,0,0,0,0,0,0,0
LINC02476,4,NR_131961.1,2,2,0,0,0,0,0,0,0,0,0,0
LINC02476,4,NR_131962.1,1,1,0,0,0,0,0,0,0,0,0,0
LINC02476,4,NR_131963.1,0,0,0,0,0,0,0,0,0,0,0,0
LINC02499,1,NR_046377.1,4,4,0,0,0,0,0,0,0,0,0,0
"LINCRNA-VLDLR 
",1,NR_015375.2,10,10,0,0,1,1,0,0,0,0,0,0
LMCD1-AS1,1,NR_033378.1,15,14,1,0,4,3,1,0,1,0,1,0
"lnc473 
",2,NR_026860.1,12,12,0,0,1,1,0,0,0,0,0,0
"lnc473 
",2,NR_026861.1,5,5,0,0,0,0,0,0,0,0,0,0
"lncCAMTA1 
",1,NR_149049.1,7,5,1,1,8,7,1,0,4,3,1,0
"lncGPR107 
",1,NR_135124.1,36,33,2,1,26,23,3,0,5,4,1,0
"lncMAPK6 
",1,NR_156732.1,9,8,1,0,1,1,0,0,1,1,0,0
"lncPARP1 
",1,NR_146920.1,9,8,1,0,3,1,2,0,0,0,0,0
"lncRNA-HEIH 
",1,NR_045680.1,17,16,1,0,5,5,0,0,5,5,0,0
"lncRNA-LET 
",1,NR_103844.1,13,13,0,0,5,5,0,0,1,1,0,0
"lncRNA-Saf 
",1,NR_028371.1,5,5,0,0,0,0,0,0,0,0,0,0
"lncTCF7 
",1,NR_131252.1,6,6,0,0,0,0,0,0,0,0,0,0
"LOC728290 
",1,NR_132411.1,1,1,0,0,0,0,0,0,0,0,0,0
LUST,1,NR_045388.1,2,1,1,0,2,2,0,0,0,0,0,0
"MAFG-AS1 
",1,NR_015454.1,25,23,2,0,8,7,1,0,6,4,2,0
MEG9,1,NR_047664.1,34,29,5,0,21,19,2,0,11,9,2,0
MFI2-AS1,1,NR_038285.1,8,7,1,0,2,1,1,0,2,2,0,0
MIR137HG,1,NR_046105.1,16,16,0,0,8,8,0,0,0,0,0,0
"miR143HG 
",2,NR_105059.1,13,12,1,0,4,3,1,0,1,0,1,0
"miR143HG 
",2,NR_105060.1,11,10,1,0,4,3,1,0,1,0,1,0
"MYCLo-6
",1,NR_036497.1,18,18,0,0,10,10,0,0,1,1,0,0
"NCRNA00173 
",2,NR_027345.1,11,10,1,0,3,2,1,0,1,0,1,0
"NCRNA00173 
",2,NR_027346.1,4,3,1,0,2,1,1,0,1,0,1,0
"NEAT1
",2,NR_131012.1,150,134,16,0,83,77,6,0,28,25,3,0
"NEAT1
",2,NR_028272.1,41,33,8,0,32,27,5,0,15,13,2,0
"NR027113 
",1,NR_027113.2,8,8,0,0,0,0,0,0,0,0,0,0
"NR_015378 
",1,NR_015378.3,14,14,0,0,2,2,0,0,0,0,0,0
"NR_024284 
",1,NR_024284.1,7,6,1,0,3,3,0,0,2,2,0,0
"NR_026591 
",1,NR_026591.2,20,20,0,0,7,7,0,0,0,0,0,0
"NR_033928 
",1,NR_033928.1,13,13,0,0,6,6,0,0,0,0,0,0
"NR_073450.1 
",1,NR_073450.2,18,18,0,0,4,4,0,0,0,0,0,0
"NR_073453 
",1,NR_073453.1,5,5,0,0,1,1,0,0,0,0,0,0
NRON,1,NR_045006.1,20,19,1,0,11,11,0,0,3,3,0,0
"OSER1-AS1 
",3,NR_038337.2,13,11,2,0,9,8,1,0,3,2,1,0
"OSER1-AS1 
",3,NR_038338.2,12,10,2,0,9,8,1,0,3,2,1,0
"OSER1-AS1 
",3,NR_038339.2,11,10,1,0,8,8,0,0,0,0,0,0
"PANDA
",1,NR_109836.1,6,6,0,0,1,1,0,0,0,0,0,0
"PAR5
",1,NR_022008.1,11,11,0,0,1,1,0,0,0,0,0,0
PCAT14,1,NR_109832.1,8,8,0,0,2,2,0,0,0,0,0,0
PCAT29,2,NR_126437.1,7,7,0,0,3,3,0,0,0,0,0,0
PCAT29,2,NR_126438.1,4,4,0,0,0,0,0,0,0,0,0,0
PITPNA-AS1,1,NR_028514.1,4,3,1,0,1,0,1,0,1,0,1,0
"PLAC2 
",1,NR_027064.3,40,30,10,0,28,21,7,0,12,8,4,0
"PlncRNA-1 
",3,NR_038892.1,10,10,0,0,0,0,0,0,0,0,0,0
"PlncRNA-1 
",3,NR_038893.1,9,9,0,0,0,0,0,0,0,0,0,0
"PlncRNA-1 
",3,NR_038894.1,6,6,0,0,0,0,0,0,0,0,0,0
PRC1-AS1,1,NR_051984.1,6,6,0,0,6,6,0,0,0,0,0,0
"RERT 
",1,NR_037791.1,45,41,4,0,28,27,1,0,4,4,0,0
"RP11-81H3.2
",1,NR_038300.1,11,11,0,0,3,3,0,0,0,0,0,0
"RP1130-1
",1,NR_147196.1,6,6,0,0,1,1,0,0,0,0,0,0
"RP5-833A20.1
",1,NR_104180.1,0,0,0,0,0,0,0,0,0,0,0,0
SAMMSON,1,NR_110000.1,15,14,1,0,6,6,0,0,0,0,0,0
SEMA6A-AS1,1,NR_109879.1,6,6,0,0,2,2,0,0,0,0,0,0
SLC2A1-AS1,1,NR_033967.1,7,7,0,0,1,1,0,0,0,0,0,0
SNAI3-AS1,2,NR_024402.2,25,22,3,0,20,17,3,0,5,2,3,0
SNAI3-AS1,2,NR_024399.1,10,10,0,0,5,5,0,0,0,0,0,0
SOX9-AS1,2,NR_103738.1,25,25,0,0,5,5,0,0,1,1,0,0
SOX9-AS1,2,NR_103737.1,7,7,0,0,1,1,0,0,0,0,0,0
"SRHC 
",2,NR_024424.2,21,20,1,0,9,9,0,0,5,5,0,0
"SRHC 
",2,NR_024423.2,17,16,1,0,7,7,0,0,2,2,0,0
TCL6,2,NR_028288.2,16,15,1,0,13,13,0,0,2,2,0,0
TCL6,2,NR_152604.1,10,10,0,0,4,4,0,0,0,0,0,0
TGFB2-AS1,1,NR_046268.1,4,4,0,0,1,1,0,0,0,0,0,0
"THOR 
",1,NR_144530.1,4,4,0,0,1,1,0,0,0,0,0,0
TSIX,1,NR_003255.2,216,205,11,0,87,80,7,0,23,21,2,0
"TSPAN12 
",4,NR_131960.1,3,3,0,0,0,0,0,0,0,0,0,0
"TSPAN12 
",4,NR_131961.1,2,2,0,0,0,0,0,0,0,0,0,0
"TSPAN12 
",4,NR_131962.1,1,1,0,0,0,0,0,0,0,0,0,0
"TSPAN12 
",4,NR_131963.1,0,0,0,0,0,0,0,0,0,0,0,0
"TUC338 
",1,NR_109828.1,5,5,0,0,1,1,0,0,0,0,0,0
uc.134,1,NR_148407.1,6,6,0,0,3,3,0,0,0,0,0,0
"uc.338
",1,NR_109828.1,5,5,0,0,1,1,0,0,0,0,0,0
"UC001kfo 
",1,NR_125373.1,20,20,0,0,3,3,0,0,0,0,0,0
"uc002mbe.2 
",1,NR_027148.1,7,6,1,0,6,5,1,0,1,0,1,0
"uc002pyc 
",1,NR_103847.1,9,9,0,0,1,1,0,0,0,0,0,0
UCHL1-AS1,1,NR_102709.1,2,2,0,0,3,3,0,0,0,0,0,0
WEE2-AS1,1,NR_015392.1,16,16,0,0,1,1,0,0,0,0,0,0
"XR_944502.1 
",1,NR_133646.2,28,24,4,0,10,9,1,0,5,4,1,0
ZNF674-AS1,1,NR_015378.3,14,14,0,0,2,2,0,0,0,0,0,0
